<aetgt:getResponse xmlns:aetgt="http://schemas.active-endpoints.com/appmodules/repository/2010/10/avrepository.xsd"
                   xmlns:types1="http://schemas.active-endpoints.com/appmodules/repository/2010/10/avrepository.xsd">
   <types1:Item>
      <types1:EntryId>NpeBt0i98C1LOwD-gt-15042578-2023-06-06T17:48:27.634Z::tf.xml</types1:EntryId>
      <types1:Name>tf_load_Source1_to_Stage_part_1</types1:Name>
      <types1:MimeType>application/xml+taskflow</types1:MimeType>
      <types1:Description/>
      <types1:AppliesTo/>
      <types1:Tags/>
      <types1:VersionLabel>1.0</types1:VersionLabel>
      <types1:State>CURRENT</types1:State>
      <types1:ProcessGroup/>
      <types1:CreatedBy>asteinmark@enfint.tech</types1:CreatedBy>
      <types1:CreationDate>2023-06-06T17:48:28Z</types1:CreationDate>
      <types1:ModifiedBy>asteinmark@enfint.tech</types1:ModifiedBy>
      <types1:ModificationDate>2023-06-12T20:15:55Z</types1:ModificationDate>
      <types1:PublicationStatus>published</types1:PublicationStatus>
      <types1:PublishedBy>asteinmark@enfint.tech</types1:PublishedBy>
      <types1:PublicationDate>2023-07-28T18:10:29Z</types1:PublicationDate>
      <types1:PublishedContributionId>project:/tf.tf_load_Source1_to_Stage_part_1/tf_load_Source1_to_Stage_part_1.tf.xml</types1:PublishedContributionId>
      <types1:Entry>
         <taskflow xmlns="http://schemas.active-endpoints.com/appmodules/screenflow/2010/10/avosScreenflow.xsd"
                   xmlns:tfm="http://schemas.active-endpoints.com/appmodules/screenflow/2021/04/taskflowModel.xsd"
                   xmlns:list="urn:activevos:spi:list:functions"
                   displayName="tf_load_Source1_to_Stage_part_1"
                   name="tf_load_Source1_to_Stage_part_1"
                   overrideAPIName="false">
            <parameterSet xmlns="http://schemas.active-endpoints.com/appmodules/screenflow/2021/04/taskflowModel.xsd"/>
            <appliesTo/>
            <description/>
            <tags/>
            <generator>Informatica Process Designer 11</generator>
            <input>
               <parameter description="" name="RUN_ID" type="double">
                  <options>
                     <option name="required">false</option>
                  </options>
               </parameter>
               <parameter description="" name="PROCESS_STATUS" type="string">
                  <options>
                     <option name="required">false</option>
                  </options>
               </parameter>
               <parameter description="" name="ENV" type="string">
                  <options>
                     <option name="required">false</option>
                  </options>
               </parameter>
               <parameter description="" name="ORG_ID" type="string">
                  <options>
                     <option name="required">false</option>
                  </options>
               </parameter>
               <parameter description="" name="ERROR_CODE" type="string">
                  <options>
                     <option name="required">false</option>
                  </options>
               </parameter>
               <parameter description="" name="CURRENT_CONFIG_ID" type="int">
                  <options>
                     <option name="required">false</option>
                  </options>
               </parameter>
               <parameter description="" name="LOAD_ID" type="double">
                  <options>
                     <option name="required">false</option>
                  </options>
               </parameter>
               <parameter description="" name="MAX_STG_CONFIG_ID" type="int">
                  <options>
                     <option name="required">false</option>
                  </options>
               </parameter>
            </input>
            <tempFields>
               <field description=""
                      name="Get_List_of_Parameter_Values_for_Config"
                      type="reference">
                  <options>
                     <option name="referenceTo">$po:mt-getParameterList-for-Config-part-1</option>
                     <option name="failOnNotRun">false</option>
                     <option name="failOnFault">false</option>
                  </options>
               </field>
               <field description="" name="load src2stg_part_1" type="reference">
                  <options>
                     <option name="referenceTo">$po:mt-std-load-src2stg-part-1</option>
                     <option name="failOnNotRun">false</option>
                     <option name="failOnFault">false</option>
                  </options>
               </field>
               <field description=""
                      name="Try_to_Get_and_update_LOAD_ID"
                      type="reference">
                  <options>
                     <option name="referenceTo">$po:mt-Try-to-Get-and-update-LOAD-ID-part-1</option>
                     <option name="failOnNotRun">false</option>
                     <option name="failOnFault">false</option>
                  </options>
               </field>
               <field description="" name="Update_LOAD_ID_Status" type="reference">
                  <options>
                     <option name="referenceTo">$po:mt-update-LOAD-ID-status-part-1</option>
                     <option name="failOnNotRun">false</option>
                     <option name="failOnFault">false</option>
                  </options>
               </field>
            </tempFields>
            <notes/>
            <deployment skipIfRunning="false" suspendOnFault="false" tracingLevel="verbose">
               <rest/>
            </deployment>
            <flow id="a">
               <start id="b">
                  <link id="jzwzcvsy" targetId="jzwzcvsx"/>
               </start>
               <assignment id="jzwzcvsx">
                  <title>Initialize taskflow parameters</title>
                  <operation source="constant"
                             to="temp.Try_to_Get_and_update_LOAD_ID[1]/inout[1]/io_CONFIG_ID">-1</operation>
                  <operation source="constant"
                             to="temp.Try_to_Get_and_update_LOAD_ID[1]/inout[1]/io_LOAD_ID">-1</operation>
                  <operation source="constant"
                             to="temp.Try_to_Get_and_update_LOAD_ID[1]/inout[1]/io_RUN_ID">-1</operation>
                  <operation source="constant"
                             to="temp.Try_to_Get_and_update_LOAD_ID[1]/inout[1]/io_IN_PROCESS_GROUP"/>
                  <operation source="constant"
                             to="temp.Get_List_of_Parameter_Values_for_Config[1]/inout[1]/io_srcDataObjectName"/>
                  <operation source="constant"
                             to="temp.Get_List_of_Parameter_Values_for_Config[1]/inout[1]/io_tgtDataObjectName"/>
                  <operation source="constant"
                             to="temp.Get_List_of_Parameter_Values_for_Config[1]/inout[1]/io_SOURCE_ID">-1</operation>
                  <operation source="constant"
                             to="temp.Get_List_of_Parameter_Values_for_Config[1]/inout[1]/io_filterExpression"/>
                  <operation source="constant"
                             to="temp.load src2stg_part_1[1]/inout[1]/io_filterExpression"/>
                  <operation source="constant" to="input.PROCESS_STATUS">SUCCESS</operation>
                  <operation source="constant" to="input.ERROR_CODE"/>
                  <operation source="constant"
                             to="temp.Update_LOAD_ID_Status[1]/inout[1]/io_COUNT_DELETED">0</operation>
                  <operation source="constant"
                             to="temp.Update_LOAD_ID_Status[1]/inout[1]/io_COUNT_INSERTED">0</operation>
                  <operation source="constant"
                             to="temp.Update_LOAD_ID_Status[1]/inout[1]/io_COUNT_REJECTED">0</operation>
                  <operation source="constant"
                             to="temp.Update_LOAD_ID_Status[1]/inout[1]/io_COUNT_UPDATED">0</operation>
                  <link id="k0psou0u" targetId="k0psou1h"/>
               </assignment>
               <eventContainer id="k0psou1h">
                  <service id="k0psou0t">
                     <title>Try_to_Get_and_update_LOAD_ID</title>
                     <serviceName>ICSExecuteDataTask</serviceName>
                     <serviceGUID/>
                     <serviceInput>
                        <parameter name="Wait for Task to Complete" source="constant" updatable="true">true</parameter>
                        <parameter name="Max Wait" source="constant" updatable="true">604800</parameter>
                        <parameter name="Task Name" source="constant" updatable="true">mt_Try_to_Get_and_update_LOAD_ID_part_1</parameter>
                        <parameter name="GUID" source="constant" updatable="true">8DXjQeoQWKhi7hDXYiiqQm</parameter>
                        <parameter name="Task Type" source="constant" updatable="true">MCT</parameter>
                        <parameter name="Has Inout Parameters" source="constant" updatable="true">true</parameter>
                        <parameter name="taskField" source="nested">
                           <operation source="field" to="mt-Try-to-Get-and-update-LOAD-ID">temp.Try_to_Get_and_update_LOAD_ID</operation>
                           <operation source="constant"
                                      to="mt-Try-to-Get-and-update-LOAD-ID-part-1/inout[1]/io_RUN_ID">{$input.RUN_ID}</operation>
                           <operation source="formula"
                                      to="mt-Try-to-Get-and-update-LOAD-ID-part-1/inout[1]/io_IN_PROCESS_GROUP">
                              <expression language="XQuery">'''STD_GRP_1'''</expression>
                           </operation>
                        </parameter>
                     </serviceInput>
                     <serviceOutput>
                        <operation source="field"
                                   to="temp.Try_to_Get_and_update_LOAD_ID/output/Object_Name">Object Name</operation>
                        <operation source="field" to="temp.Try_to_Get_and_update_LOAD_ID/output/Run_Id">Run Id</operation>
                        <operation source="field" to="temp.Try_to_Get_and_update_LOAD_ID/output/Log_Id">Log Id</operation>
                        <operation source="field" to="temp.Try_to_Get_and_update_LOAD_ID/output/Task_Id">Task Id</operation>
                        <operation source="field"
                                   to="temp.Try_to_Get_and_update_LOAD_ID/output/Task_Status">Task Status</operation>
                        <operation source="field"
                                   to="temp.Try_to_Get_and_update_LOAD_ID/output/Success_Source_Rows">Success Source Rows</operation>
                        <operation source="field"
                                   to="temp.Try_to_Get_and_update_LOAD_ID/output/Failed_Source_Rows">Failed Source Rows</operation>
                        <operation source="field"
                                   to="temp.Try_to_Get_and_update_LOAD_ID/output/Success_Target_Rows">Success Target Rows</operation>
                        <operation source="field"
                                   to="temp.Try_to_Get_and_update_LOAD_ID/output/Failed_Target_Rows">Failed Target Rows</operation>
                        <operation source="field"
                                   to="temp.Try_to_Get_and_update_LOAD_ID/output/Start_Time">Start Time</operation>
                        <operation source="field" to="temp.Try_to_Get_and_update_LOAD_ID/output/End_Time">End Time</operation>
                        <operation source="field"
                                   to="temp.Try_to_Get_and_update_LOAD_ID/output/Error_Message">Error Message</operation>
                        <operation source="field"
                                   to="temp.Try_to_Get_and_update_LOAD_ID/output/TotalTransErrors">Total Transformation Errors</operation>
                        <operation source="field"
                                   to="temp.Try_to_Get_and_update_LOAD_ID/output/FirstErrorCode">First Error Code</operation>
                        <operation source="field" to="temp.Try_to_Get_and_update_LOAD_ID/inout/io_RUN_ID">io_RUN_ID</operation>
                        <operation source="field"
                                   to="temp.Try_to_Get_and_update_LOAD_ID/inout/io_CONFIG_ID">io_CONFIG_ID</operation>
                        <operation source="field" to="temp.Try_to_Get_and_update_LOAD_ID/inout/io_LOAD_ID">io_LOAD_ID</operation>
                        <operation source="field"
                                   to="temp.Try_to_Get_and_update_LOAD_ID/inout/io_IN_PROCESS_GROUP">io_IN_PROCESS_GROUP</operation>
                     </serviceOutput>
                  </service>
                  <link id="k0sjy4jk" targetId="k0eehts9"/>
                  <events>
                     <catch faultField="temp.Try_to_Get_and_update_LOAD_ID/fault"
                            id="k0psou1f"
                            interrupting="true"
                            name="error">
                        <suspend/>
                     </catch>
                     <catch faultField="temp.Try_to_Get_and_update_LOAD_ID/fault"
                            id="k0psou1g"
                            interrupting="true"
                            name="warning"/>
                  </events>
               </eventContainer>
               <container id="k0eehts9" type="exclusive">
                  <title>Is only 1 Row Updated?</title>
                  <flow id="k0eehtsd">
                     <eventContainer id="k0psou35">
                        <service id="k0psou2f">
                           <title>Get_List_of_Parameter_Values_for_Config</title>
                           <serviceName>ICSExecuteDataTask</serviceName>
                           <serviceGUID/>
                           <serviceInput>
                              <parameter name="Wait for Task to Complete" source="constant" updatable="true">true</parameter>
                              <parameter name="Max Wait" source="constant" updatable="true">604800</parameter>
                              <parameter name="Task Name" source="constant" updatable="true">mt_getParameterList_for_Config_part_1</parameter>
                              <parameter name="GUID" source="constant" updatable="true">2fVxA07ToQYbCXQFUmBJQk</parameter>
                              <parameter name="Task Type" source="constant" updatable="true">MCT</parameter>
                              <parameter name="Has Inout Parameters" source="constant" updatable="true">true</parameter>
                              <parameter name="taskField" source="nested">
                                 <operation source="field" to="mt-getParameterList-for-Config">temp.Get_List_of_Parameter_Values_for_Config</operation>
                                 <operation source="constant"
                                            to="mt-getParameterList-for-Config-part-1/inout[1]/io_CONFIG_ID">{$temp.Try_to_Get_and_update_LOAD_ID[1]/inout[1]/io_CONFIG_ID}</operation>
                                 <operation source="constant"
                                            to="mt-getParameterList-for-Config-part-1/inout[1]/io_LOAD_ID">{$temp.Try_to_Get_and_update_LOAD_ID[1]/inout[1]/io_LOAD_ID}</operation>
                                 <operation source="constant"
                                            to="mt-getParameterList-for-Config-part-1/inout[1]/io_RUN_ID">{$temp.Try_to_Get_and_update_LOAD_ID[1]/inout[1]/io_RUN_ID}</operation>
                              </parameter>
                           </serviceInput>
                           <serviceOutput>
                              <operation source="field"
                                         to="temp.Get_List_of_Parameter_Values_for_Config/output/Object_Name">Object Name</operation>
                              <operation source="field"
                                         to="temp.Get_List_of_Parameter_Values_for_Config/output/Run_Id">Run Id</operation>
                              <operation source="field"
                                         to="temp.Get_List_of_Parameter_Values_for_Config/output/Log_Id">Log Id</operation>
                              <operation source="field"
                                         to="temp.Get_List_of_Parameter_Values_for_Config/output/Task_Id">Task Id</operation>
                              <operation source="field"
                                         to="temp.Get_List_of_Parameter_Values_for_Config/output/Task_Status">Task Status</operation>
                              <operation source="field"
                                         to="temp.Get_List_of_Parameter_Values_for_Config/output/Success_Source_Rows">Success Source Rows</operation>
                              <operation source="field"
                                         to="temp.Get_List_of_Parameter_Values_for_Config/output/Failed_Source_Rows">Failed Source Rows</operation>
                              <operation source="field"
                                         to="temp.Get_List_of_Parameter_Values_for_Config/output/Success_Target_Rows">Success Target Rows</operation>
                              <operation source="field"
                                         to="temp.Get_List_of_Parameter_Values_for_Config/output/Failed_Target_Rows">Failed Target Rows</operation>
                              <operation source="field"
                                         to="temp.Get_List_of_Parameter_Values_for_Config/output/Start_Time">Start Time</operation>
                              <operation source="field"
                                         to="temp.Get_List_of_Parameter_Values_for_Config/output/End_Time">End Time</operation>
                              <operation source="field"
                                         to="temp.Get_List_of_Parameter_Values_for_Config/output/Error_Message">Error Message</operation>
                              <operation source="field"
                                         to="temp.Get_List_of_Parameter_Values_for_Config/output/TotalTransErrors">Total Transformation Errors</operation>
                              <operation source="field"
                                         to="temp.Get_List_of_Parameter_Values_for_Config/output/FirstErrorCode">First Error Code</operation>
                              <operation source="field"
                                         to="temp.Get_List_of_Parameter_Values_for_Config/inout/io_CONFIG_ID">io_CONFIG_ID</operation>
                              <operation source="field"
                                         to="temp.Get_List_of_Parameter_Values_for_Config/inout/io_SOURCE_ID">io_SOURCE_ID</operation>
                              <operation source="field"
                                         to="temp.Get_List_of_Parameter_Values_for_Config/inout/io_srcDataObjectName">io_srcDataObjectName</operation>
                              <operation source="field"
                                         to="temp.Get_List_of_Parameter_Values_for_Config/inout/io_tgtDataObjectName">io_tgtDataObjectName</operation>
                              <operation source="field"
                                         to="temp.Get_List_of_Parameter_Values_for_Config/inout/io_RUN_ID">io_RUN_ID</operation>
                              <operation source="field"
                                         to="temp.Get_List_of_Parameter_Values_for_Config/inout/io_LOAD_ID">io_LOAD_ID</operation>
                              <operation source="field"
                                         to="temp.Get_List_of_Parameter_Values_for_Config/inout/io_filterExpression">io_filterExpression</operation>
                           </serviceOutput>
                        </service>
                        <flow id="k0sjy4hf">
                           <link id="k0sjy4hg" targetId="k0psou35" type="containerLink"/>
                        </flow>
                        <flow id="k0sjy4hi">
                           <assignment id="k0sjy4hs">
                              <title>Write_Error_Status_and_Code2</title>
                              <operation source="constant" to="input.PROCESS_STATUS">ERROR</operation>
                              <operation source="constant" to="input.ERROR_CODE">{$temp.Get_List_of_Parameter_Values_for_Config[1]/fault[1]/reason}</operation>
                           </assignment>
                           <link id="k0sjy4hj" targetId="k0psou35" type="containerLink"/>
                        </flow>
                        <link id="k0sjy4he" targetId="k0sjy4hf" type="containerLink"/>
                        <link id="k0sjy4ig" targetId="k0q4kuva"/>
                        <events>
                           <catch faultField="temp.Get_List_of_Parameter_Values_for_Config/fault"
                                  id="k0psou33"
                                  interrupting="true"
                                  name="error">
                              <link id="k0sjy4hh" targetId="k0sjy4hi" type="containerLink"/>
                           </catch>
                           <catch faultField="temp.Get_List_of_Parameter_Values_for_Config/fault"
                                  id="k0psou34"
                                  interrupting="true"
                                  name="warning"/>
                        </events>
                     </eventContainer>
                     <eventContainer id="k0q4kuva">
                        <service id="k0q4kuuk">
                           <title>load src2stg_part_1</title>
                           <serviceName>ICSExecuteDataTask</serviceName>
                           <serviceGUID/>
                           <serviceInput>
                              <parameter name="Wait for Task to Complete" source="constant" updatable="true">true</parameter>
                              <parameter name="Max Wait" source="constant" updatable="true">604800</parameter>
                              <parameter name="Task Name" source="constant" updatable="true">mt_std_load_src2stg_part_1</parameter>
                              <parameter name="GUID" source="constant" updatable="true">aHikoSJjP6xfk15QqV7n4A</parameter>
                              <parameter name="Task Type" source="constant" updatable="true">MCT</parameter>
                              <parameter name="Has Inout Parameters" source="constant" updatable="true">true</parameter>
                              <parameter name="taskField" source="nested">
                                 <operation source="field" to="mt-std-load-src2stg-part-1">temp.load src2stg_part_1</operation>
                                 <operation source="constant"
                                            to="mt-std-load-src2stg-part-1/input[1]/source[1]/Source[1]/object">{$temp.Get_List_of_Parameter_Values_for_Config[1]/inout[1]/io_srcDataObjectName}</operation>
                                 <operation source="constant"
                                            to="mt-std-load-src2stg-part-1/input[1]/target[1]/Target[1]/object">{$temp.Get_List_of_Parameter_Values_for_Config[1]/inout[1]/io_tgtDataObjectName}</operation>
                                 <operation source="constant"
                                            to="mt-std-load-src2stg-part-1/inout[1]/io_filterExpression">{$temp.Get_List_of_Parameter_Values_for_Config[1]/inout[1]/io_filterExpression}</operation>
                                 <operation source="constant"
                                            to="mt-std-load-src2stg-part-1/inout[1]/io_META_LOAD_ID">{$temp.Get_List_of_Parameter_Values_for_Config[1]/inout[1]/io_LOAD_ID}</operation>
                                 <operation source="constant"
                                            to="mt-std-load-src2stg-part-1/inout[1]/io_META_RUN_ID">{$input.RUN_ID}</operation>
                                 <operation source="constant"
                                            to="mt-std-load-src2stg-part-1/inout[1]/io_META_SOURCE_ID">{$temp.Get_List_of_Parameter_Values_for_Config[1]/inout[1]/io_SOURCE_ID}</operation>
                                 <operation source="constant"
                                            to="temp.load src2stg_part_1[1]/input[1]/source[1]/Source[1]/object">{$temp.Get_List_of_Parameter_Values_for_Config[1]/inout[1]/io_srcDataObjectName}</operation>
                                 <operation source="constant"
                                            to="temp.load src2stg_part_1[1]/input[1]/target[1]/Target[1]/object">{$temp.Get_List_of_Parameter_Values_for_Config[1]/inout[1]/io_tgtDataObjectName}</operation>
                              </parameter>
                           </serviceInput>
                           <serviceOutput>
                              <operation source="field" to="temp.load src2stg_part_1/output/Object_Name">Object Name</operation>
                              <operation source="field" to="temp.load src2stg_part_1/output/Run_Id">Run Id</operation>
                              <operation source="field" to="temp.load src2stg_part_1/output/Log_Id">Log Id</operation>
                              <operation source="field" to="temp.load src2stg_part_1/output/Task_Id">Task Id</operation>
                              <operation source="field" to="temp.load src2stg_part_1/output/Task_Status">Task Status</operation>
                              <operation source="field" to="temp.load src2stg_part_1/output/Success_Source_Rows">Success Source Rows</operation>
                              <operation source="field" to="temp.load src2stg_part_1/output/Failed_Source_Rows">Failed Source Rows</operation>
                              <operation source="field" to="temp.load src2stg_part_1/output/Success_Target_Rows">Success Target Rows</operation>
                              <operation source="field" to="temp.load src2stg_part_1/output/Failed_Target_Rows">Failed Target Rows</operation>
                              <operation source="field" to="temp.load src2stg_part_1/output/Start_Time">Start Time</operation>
                              <operation source="field" to="temp.load src2stg_part_1/output/End_Time">End Time</operation>
                              <operation source="field" to="temp.load src2stg_part_1/output/Error_Message">Error Message</operation>
                              <operation source="field" to="temp.load src2stg_part_1/output/TotalTransErrors">Total Transformation Errors</operation>
                              <operation source="field" to="temp.load src2stg_part_1/output/FirstErrorCode">First Error Code</operation>
                              <operation source="field" to="temp.load src2stg_part_1/inout/io_META_RUN_ID">io_META_RUN_ID</operation>
                              <operation source="field" to="temp.load src2stg_part_1/inout/io_META_SOURCE_ID">io_META_SOURCE_ID</operation>
                              <operation source="field" to="temp.load src2stg_part_1/inout/io_META_LOAD_ID">io_META_LOAD_ID</operation>
                              <operation source="field" to="temp.load src2stg_part_1/inout/io_filterExpression">io_filterExpression</operation>
                           </serviceOutput>
                        </service>
                        <flow id="k0sil8lk">
                           <link id="k0sil8ll" targetId="k0q4kuva" type="containerLink"/>
                        </flow>
                        <flow id="k0sil8ln">
                           <assignment id="k0sil8m8">
                              <title>Write_Error_Status_and_Code3</title>
                              <operation source="constant" to="input.PROCESS_STATUS">ERROR</operation>
                              <operation source="constant" to="input.ERROR_CODE">{$temp.loadsrc2stg_part_1[1]/fault[1]/reason}</operation>
                           </assignment>
                           <link id="k0sil8lo" targetId="k0q4kuva" type="containerLink"/>
                        </flow>
                        <link id="k0sil8lj" targetId="k0sil8lk" type="containerLink"/>
                        <link id="k0sil8o4" targetId="k0qg8aon"/>
                        <events>
                           <catch faultField="temp.load src2stg_part_1/fault"
                                  id="k0q4kuv8"
                                  interrupting="true"
                                  name="error">
                              <link id="k0sil8lm" targetId="k0sil8ln" type="containerLink"/>
                           </catch>
                           <catch faultField="temp.load src2stg_part_1/fault"
                                  id="k0q4kuv9"
                                  interrupting="true"
                                  name="warning"/>
                        </events>
                     </eventContainer>
                     <eventContainer id="k0qg8aon">
                        <service id="k0qg8anq">
                           <title>Update_LOAD_ID_Status</title>
                           <serviceName>ICSExecuteDataTask</serviceName>
                           <serviceGUID/>
                           <serviceInput>
                              <parameter name="Wait for Task to Complete" source="constant" updatable="true">true</parameter>
                              <parameter name="Max Wait" source="constant" updatable="true">604800</parameter>
                              <parameter name="Task Name" source="constant" updatable="true">mt_update_LOAD_ID_status_part_1</parameter>
                              <parameter name="GUID" source="constant" updatable="true">aG4cy3w2JyqlVwsBWVjF6w</parameter>
                              <parameter name="Task Type" source="constant" updatable="true">MCT</parameter>
                              <parameter name="Has Inout Parameters" source="constant" updatable="true">true</parameter>
                              <parameter name="taskField" source="nested">
                                 <operation source="field" to="mt-update-LOAD-ID-status">temp.Update_LOAD_ID_Status</operation>
                                 <operation source="constant"
                                            to="mt-update-LOAD-ID-status-part-1/inout[1]/io_STATUS">{$input.PROCESS_STATUS}</operation>
                                 <operation source="constant"
                                            to="mt-update-LOAD-ID-status-part-1/inout[1]/io_LOAD_ID">{$temp.Try_to_Get_and_update_LOAD_ID[1]/inout[1]/io_LOAD_ID}</operation>
                                 <operation source="constant"
                                            to="mt-update-LOAD-ID-status-part-1/inout[1]/io_ERROR_CODE">{$input.ERROR_CODE}</operation>
                                 <operation source="formula"
                                            to="mt-update-LOAD-ID-status-part-1/inout[1]/io_COUNT_DELETED">
                                    <expression language="XQuery">0</expression>
                                 </operation>
                                 <operation source="constant"
                                            to="mt-update-LOAD-ID-status-part-1/inout[1]/io_COUNT_INSERTED">{$temp.loadsrc2stg_part_1[1]/output[1]/Success_Target_Rows}</operation>
                                 <operation source="constant"
                                            to="mt-update-LOAD-ID-status-part-1/inout[1]/io_COUNT_REJECTED">{$temp.loadsrc2stg_part_1[1]/output[1]/Failed_Target_Rows}</operation>
                                 <operation source="formula"
                                            to="mt-update-LOAD-ID-status-part-1/inout[1]/io_COUNT_UPDATED">
                                    <expression language="XQuery">0</expression>
                                 </operation>
                                 <operation source="constant"
                                            to="mt-update-LOAD-ID-status-part-1/inout[1]/io_RUNTIME_TASK_NAME">{$temp.loadsrc2stg_part_1[1]/output[1]/Object_Name}</operation>
                              </parameter>
                           </serviceInput>
                           <serviceOutput>
                              <operation source="field" to="temp.Update_LOAD_ID_Status/output/Object_Name">Object Name</operation>
                              <operation source="field" to="temp.Update_LOAD_ID_Status/output/Run_Id">Run Id</operation>
                              <operation source="field" to="temp.Update_LOAD_ID_Status/output/Log_Id">Log Id</operation>
                              <operation source="field" to="temp.Update_LOAD_ID_Status/output/Task_Id">Task Id</operation>
                              <operation source="field" to="temp.Update_LOAD_ID_Status/output/Task_Status">Task Status</operation>
                              <operation source="field"
                                         to="temp.Update_LOAD_ID_Status/output/Success_Source_Rows">Success Source Rows</operation>
                              <operation source="field"
                                         to="temp.Update_LOAD_ID_Status/output/Failed_Source_Rows">Failed Source Rows</operation>
                              <operation source="field"
                                         to="temp.Update_LOAD_ID_Status/output/Success_Target_Rows">Success Target Rows</operation>
                              <operation source="field"
                                         to="temp.Update_LOAD_ID_Status/output/Failed_Target_Rows">Failed Target Rows</operation>
                              <operation source="field" to="temp.Update_LOAD_ID_Status/output/Start_Time">Start Time</operation>
                              <operation source="field" to="temp.Update_LOAD_ID_Status/output/End_Time">End Time</operation>
                              <operation source="field" to="temp.Update_LOAD_ID_Status/output/Error_Message">Error Message</operation>
                              <operation source="field" to="temp.Update_LOAD_ID_Status/output/TotalTransErrors">Total Transformation Errors</operation>
                              <operation source="field" to="temp.Update_LOAD_ID_Status/output/FirstErrorCode">First Error Code</operation>
                              <operation source="field" to="temp.Update_LOAD_ID_Status/inout/io_LOAD_ID">io_LOAD_ID</operation>
                              <operation source="field" to="temp.Update_LOAD_ID_Status/inout/io_STATUS">io_STATUS</operation>
                              <operation source="field" to="temp.Update_LOAD_ID_Status/inout/io_COUNT_INSERTED">io_COUNT_INSERTED</operation>
                              <operation source="field" to="temp.Update_LOAD_ID_Status/inout/io_COUNT_DELETED">io_COUNT_DELETED</operation>
                              <operation source="field" to="temp.Update_LOAD_ID_Status/inout/io_COUNT_UPDATED">io_COUNT_UPDATED</operation>
                              <operation source="field" to="temp.Update_LOAD_ID_Status/inout/io_COUNT_REJECTED">io_COUNT_REJECTED</operation>
                              <operation source="field" to="temp.Update_LOAD_ID_Status/inout/io_ERROR_CODE">io_ERROR_CODE</operation>
                              <operation source="field"
                                         to="temp.Update_LOAD_ID_Status/inout/io_RUNTIME_TASK_NAME">io_RUNTIME_TASK_NAME</operation>
                           </serviceOutput>
                        </service>
                        <link id="k0qg8ans" targetId="k0qe3710"/>
                        <events>
                           <catch faultField="temp.Update_LOAD_ID_Status/fault"
                                  id="k0qg8aol"
                                  interrupting="true"
                                  name="error">
                              <suspend/>
                           </catch>
                           <catch faultField="temp.Update_LOAD_ID_Status/fault"
                                  id="k0qg8aom"
                                  interrupting="true"
                                  name="warning"/>
                        </events>
                     </eventContainer>
                     <jumpTo id="k0qe3710">
                        <link id="k0qe3711" targetId="jzwzcvsx"/>
                     </jumpTo>
                  </flow>
                  <flow id="k0eehtsg">
                     <end id="k0eehtt6">
                        <title>End 2</title>
                     </end>
                  </flow>
                  <link id="k0eehtsc" targetId="k0eehtsd" type="containerLink">
                     <condition source="formula">
                        <function name="equals">
                           <arg name="left">{$temp.Try_to_Get_and_update_LOAD_ID[1]/output[1]/Success_Target_Rows}</arg>
                           <arg name="right">{1}</arg>
                        </function>
                     </condition>
                  </link>
                  <link id="k0eehtsf" targetId="k0eehtsg" type="containerLink"/>
               </container>
            </flow>
            <dependencies>
               <processObject xmlns="http://schemas.active-endpoints.com/appmodules/screenflow/2011/06/avosHostEnvironment.xsd"
                              displayName="mt-getParameterList-for-Config-part-1"
                              isByCopy="true"
                              name="mt-getParameterList-for-Config-part-1">
                  <description/>
                  <tags/>
                  <detail>
                     <field label="InOut Parameters"
                            name="inout"
                            nullable="true"
                            required="false"
                            type="reference"/>
                     <field label="TaskProperties Parameters"
                            name="taskProperties"
                            nullable="true"
                            required="false"
                            type="reference"/>
                     <field label="Output Parameters"
                            name="output"
                            nullable="true"
                            required="false"
                            type="reference"/>
                     <field label="Fault"
                            name="fault"
                            nullable="true"
                            required="false"
                            type="reference"/>
                     <field label="Max Wait (Seconds)"
                            name="Max_Wait"
                            nullable="true"
                            required="false"
                            type="int"/>
                  </detail>
               </processObject>
               <processObject xmlns="http://schemas.active-endpoints.com/appmodules/screenflow/2011/06/avosHostEnvironment.xsd"
                              displayName="mt-std-load-src2stg-part-1"
                              isByCopy="true"
                              name="mt-std-load-src2stg-part-1">
                  <description/>
                  <tags/>
                  <detail>
                     <field label="Input Parameters"
                            name="input"
                            nullable="true"
                            required="false"
                            type="reference"/>
                     <field label="InOut Parameters"
                            name="inout"
                            nullable="true"
                            required="false"
                            type="reference"/>
                     <field label="TaskProperties Parameters"
                            name="taskProperties"
                            nullable="true"
                            required="false"
                            type="reference"/>
                     <field label="Output Parameters"
                            name="output"
                            nullable="true"
                            required="false"
                            type="reference"/>
                     <field label="Fault"
                            name="fault"
                            nullable="true"
                            required="false"
                            type="reference"/>
                     <field label="Max Wait (Seconds)"
                            name="Max_Wait"
                            nullable="true"
                            required="false"
                            type="int"/>
                  </detail>
               </processObject>
               <processObject xmlns="http://schemas.active-endpoints.com/appmodules/screenflow/2011/06/avosHostEnvironment.xsd"
                              displayName="mt-Try-to-Get-and-update-LOAD-ID-part-1"
                              isByCopy="true"
                              name="mt-Try-to-Get-and-update-LOAD-ID-part-1">
                  <description/>
                  <tags/>
                  <detail>
                     <field label="InOut Parameters"
                            name="inout"
                            nullable="true"
                            required="false"
                            type="reference"/>
                     <field label="TaskProperties Parameters"
                            name="taskProperties"
                            nullable="true"
                            required="false"
                            type="reference"/>
                     <field label="Output Parameters"
                            name="output"
                            nullable="true"
                            required="false"
                            type="reference"/>
                     <field label="Fault"
                            name="fault"
                            nullable="true"
                            required="false"
                            type="reference"/>
                     <field label="Max Wait (Seconds)"
                            name="Max_Wait"
                            nullable="true"
                            required="false"
                            type="int"/>
                  </detail>
               </processObject>
               <processObject xmlns="http://schemas.active-endpoints.com/appmodules/screenflow/2011/06/avosHostEnvironment.xsd"
                              displayName="mt-update-LOAD-ID-status-part-1"
                              isByCopy="true"
                              name="mt-update-LOAD-ID-status-part-1">
                  <description/>
                  <tags/>
                  <detail>
                     <field label="InOut Parameters"
                            name="inout"
                            nullable="true"
                            required="false"
                            type="reference"/>
                     <field label="TaskProperties Parameters"
                            name="taskProperties"
                            nullable="true"
                            required="false"
                            type="reference"/>
                     <field label="Output Parameters"
                            name="output"
                            nullable="true"
                            required="false"
                            type="reference"/>
                     <field label="Fault"
                            name="fault"
                            nullable="true"
                            required="false"
                            type="reference"/>
                     <field label="Max Wait (Seconds)"
                            name="Max_Wait"
                            nullable="true"
                            required="false"
                            type="int"/>
                  </detail>
               </processObject>
            </dependencies>
         </taskflow>
      </types1:Entry>
      <types1:GUID>74IqZ9bpUNAiP6fg0P6N6O</types1:GUID>
      <types1:DisplayName>tf_load_Source1_to_Stage_part_1</types1:DisplayName>
   </types1:Item>
   <types1:CurrentServerDateTime>2025-04-15T09:33:01.879Z</types1:CurrentServerDateTime>
</aetgt:getResponse>
