objectPath,objectName,objectType,id
/Explore/Demo_Project/DEMO_Source1_to_Staging_Standard,mt_startRUN,MTT,8M2Y3koF0WOkSpkQ5tt6kg
/Explore/Demo_Project/DEMO_Source1_to_Staging_Standard,mt_std_load_src2stg_part_1,MTT,aHikoSJjP6xfk15QqV7n4A
/Explore/Demo_Project/DEMO_Source1_to_Staging_Standard,mt_endRUN,MTT,0pxe4KhYP0qeBDILGvIVEK
/Explore/Demo_Project/DEMO_Source1_to_Staging_Standard,m_update_LOAD_ID_Status_part_2,DTEMPLATE,3LFggD0n3AZlzxSTTyOsiS
/Explore/Demo_Project/DEMO_Source1_to_Staging_Standard,m_try_to_Get_and_Update_LOAD_ID_part_1,DTEMPLATE,aIH5C6jpwbPdVrmEtPtayx
/Explore/Demo_Project,DEMO_Source1_to_Staging_Custom,Folder,iUGJs2Y3vszlm4xgl23rS3
/Explore/Demo_Project/DEMO_00_GLOBAL_TF_Orchestration,tf_Global_LOAD_Source1_to_Staging,TASKFLOW,7hdKfpw5akZg4RhwxtJUaw
/Explore/Demo_Project/DEMO_Source1_to_Staging_Standard,m_setLoadPlan,DTEMPLATE,lh1mbVhnEqbew7y3pag4yR
/Explore/Demo_Project/DEMO_Source1_to_Staging_Standard,mt_setETL_PARAMS_for_Current_Run,MTT,8EB5275rrqviKzKAbL42uV
/Explore/Demo_Project/DEMO_Source1_to_Staging_Standard,m_std_src2StgWithMetaCols_part_2,DTEMPLATE,6jGOUTLq3ZTkIGs30fsRmT
/Explore/Demo_Project/DEMO_Source1_to_Staging_Custom,m_try_to_Get_and_Update_LOAD_ID,DTEMPLATE,jcZ7TgX2PaygO8zPZMbbII
/Explore/Demo_Project/DEMO_Source1_to_Staging_Standard,tf_load_Source1_to_Stage_part_1,TASKFLOW,74IqZ9bpUNAiP6fg0P6N6O
/Explore/Demo_Project/DEMO_Source1_to_Staging_Custom,m_WAREHOUSE_To_SRC1_WAREHOUSE_CITIES,DTEMPLATE,fUcfyYgsF8rfdLXSG8YB2e
/Explore/Demo_Project/DEMO_Source1_to_Staging_Standard,m_getParameterList_part_1,DTEMPLATE,2wJeroZYHKeeYONhOpQHKd
/Explore/Demo_Project/DEMO_Source1_to_Staging_Standard,mt_set_Load_plan,MTT,5Uk8ZnbES8xbWkYq0ZBUge
/Explore/Demo_Project/DEMO_Source1_to_Staging_Standard,m_update_LOAD_ID_Status_part_1,DTEMPLATE,k8jBlfE9UineNdKYRjBeoW
/Explore/Demo_Project/DEMO_Source1_to_Staging_Standard,mt_update_LOAD_ID_status_part_2,MTT,f9EqKCidFm9l9JwxtjiP4T
/Explore/Demo_Project/DEMO_Source1_to_Staging_Custom,m_REASON_To_SRC1_BUSINESS_REASON,DTEMPLATE,5mSXXsWNYE7lQZicl0vJKH
/Explore/Demo_Project/DEMO_Source1_to_Staging_Custom,tf_load_Source1_to_Stage_Custom,TASKFLOW,9Hq3krJiFgihW7LODN8hae
/Explore/Demo_Project/DEMO_Source1_to_Staging_Standard,m_std_src2StgWithMetaCols_part_1,DTEMPLATE,7SEuk186OOskXHEABLgI8B
/Explore/Demo_Project,DEMO_Source1_to_Staging_Standard,Folder,2uegFnJJjS2cKfgG4c55Yz
/Explore/Demo_Project,DEMO_00_GLOBAL_TF_Orchestration,Folder,2675eGWNcQUcqAXJzovxwH
/Explore/Demo_Project/DEMO_Source1_to_Staging_Standard,m_setETL_PARAMS,DTEMPLATE,8UfDaQwYkk6dw5akxii5a4
/Explore/Demo_Project/DEMO_Source1_to_Staging_Standard,m_try_to_Get_and_Update_LOAD_ID_part_2,DTEMPLATE,aL1Zc8jBmztdn7VoT4YYWU
/Explore/Demo_Project/DEMO_Source1_to_Staging_Custom,m_update_LOAD_ID_Status,DTEMPLATE,4YiXyX7P1UslN1LRWfIxE2
/Explore/Demo_Project/DEMO_Source1_to_Staging_Standard,m_startRUN_insert_new_RUN_ID,DTEMPLATE,9L8KJ6EbgcqgKDqhyydQeH
/Explore/Demo_Project/DEMO_Source1_to_Staging_Standard,mt_getParameterList_for_Config_part_1,MTT,2fVxA07ToQYbCXQFUmBJQk
/SYS,conn_snow_DWH_STAGING,Connection,6MiwER4OEU2fIr1QNVgakI
/Explore/Demo_Project/DEMO_Source1_to_Staging_Standard,tf_load_Source1_to_Stage_part_2,TASKFLOW,a2ETqpEB1LIcHwMGEQEw8X
/Explore/Demo_Project/DEMO_Source1_to_Staging_Custom,mt_update_LOAD_ID_status,MTT,0ueqmQQxD1DhFhBjb8V8cs
/Explore/Demo_Project/DEMO_Source1_to_Staging_Standard,mt_std_load_src2stg_part_2,MTT,hRGGAunXgClfRvYcTiggAl
/Explore/Demo_Project/DEMO_Source1_to_Staging_Custom,mt_WAREHOUSE_To_SRC1_WAREHOUSE_CITIES,MTT,aLKWIjDrYhokcvrGMuwrKe
/Explore/Demo_Project/DEMO_Source1_to_Staging_Standard,mt_getParameterList_for_Config_part_2,MTT,7A5q6VqTbSZj7ksx9oasmh
/Explore/Demo_Project/DEMO_Source1_to_Staging_Custom,mt_REASON_To_SRC1_BUSINESS_REASON,MTT,cfpr58M6ukZivu87Braf0N
/SYS,conn_snow_DEV_ETL_META,Connection,0OaaiExpvk1dh582GmpcKO
/Explore/Demo_Project/DEMO_Source1_to_Staging_Custom,mt_Try_to_Get_and_update_LOAD_ID,MTT,khFjcwPNAYqk33v8ia62yv
/Explore/Demo_Project/DEMO_Source1_to_Staging_Standard,mt_update_LOAD_ID_status_part_1,MTT,aG4cy3w2JyqlVwsBWVjF6w
/Explore/Demo_Project/DEMO_Source1_to_Staging_Standard,m_endRUN_update_RUN_Status,DTEMPLATE,00ZK69U4KmJbMQH35DMoGN
/Explore/Demo_Project/DEMO_Source1_to_Staging_Standard,mt_Try_to_Get_and_update_LOAD_ID_part_1,MTT,8DXjQeoQWKhi7hDXYiiqQm
/Explore/Demo_Project/DEMO_Source1_to_Staging_Standard,m_getParameterList_part_2,DTEMPLATE,39LWcCD280EfnOAaawCWYk
/Explore/Demo_Project/DEMO_Source1_to_Staging_Standard,mt_Try_to_Get_and_update_LOAD_ID_part_2,MTT,a1QjiuQq7Yof1gUemMHrWU
/Explore/Demo_Project/DEMO_Source1_to_Staging_Custom,mt_WAREHOUSE_To_SRC1_WAREHOUSE_STATES,MTT,01Mlu8qSQDDiLlkHQfIam4
/Explore/Demo_Project/DEMO_Source1_to_Staging_Custom,m_WAREHOUSE_To_SRC1_WAREHOUSE_STATES,DTEMPLATE,6aNt0BPuyAwlDzbWPLQhG7
/Explore,Demo_Project,Project,kfIzDpRhtcCfFsLVOTeDMf
/SYS,conn_snow_dwh_infa_meta,Connection,kD94VZkL9cnjxdpLhTZ6a3
/SYS,conn_snow_DATASOURCE1,Connection,5kN0dXHUSqYcKnEpt3Mp6x