{
  "name" : "tf_Global_LOAD_Source1_to_Staging-1744709573039",
  "sourceOrgId" : "52hjULxN8oYch8ZJbZcZsS",
  "sourceOrgName" : "Enfint GmbH",
  "exportedObjects" : [ {
    "objectGuid" : "8M2Y3koF0WOkSpkQ5tt6kg",
    "objectName" : "mt_startRUN",
    "objectType" : "MTT",
    "path" : "/Explore/Demo_Project/DEMO_Source1_to_Staging_Standard",
    "metadata" : {
      "modelVersion" : {
        "major" : 0,
        "minor" : 0
      },
      "repoInfo" : {
        "repoHandle" : "011BPE0Z00000000002F"
      },
      "objectRefs" : [ "9L8KJ6EbgcqgKDqhyydQeH", "kD94VZkL9cnjxdpLhTZ6a3", "iqoKqrLKAEsgXFL0g8cvcM" ],
      "contextAttributes" : [ {
        "name" : "id",
        "value" : "@1"
      } ],
      "additionalInfo" : {
        "description" : "",
        "contentType" : "JSON",
        "documentState" : "VALID"
      }
    }
  }, {
    "objectGuid" : "aHikoSJjP6xfk15QqV7n4A",
    "objectName" : "mt_std_load_src2stg_part_1",
    "objectType" : "MTT",
    "path" : "/Explore/Demo_Project/DEMO_Source1_to_Staging_Standard",
    "metadata" : {
      "modelVersion" : {
        "major" : 0,
        "minor" : 0
      },
      "repoInfo" : {
        "repoHandle" : "011BPE0Z00000000001X"
      },
      "objectRefs" : [ "6MiwER4OEU2fIr1QNVgakI", "iqoKqrLKAEsgXFL0g8cvcM", "5kN0dXHUSqYcKnEpt3Mp6x", "7SEuk186OOskXHEABLgI8B" ],
      "contextAttributes" : [ {
        "name" : "id",
        "value" : "@1"
      } ],
      "additionalInfo" : {
        "description" : "",
        "contentType" : "JSON",
        "documentState" : "VALID"
      }
    }
  }, {
    "objectGuid" : "0pxe4KhYP0qeBDILGvIVEK",
    "objectName" : "mt_endRUN",
    "objectType" : "MTT",
    "path" : "/Explore/Demo_Project/DEMO_Source1_to_Staging_Standard",
    "metadata" : {
      "modelVersion" : {
        "major" : 0,
        "minor" : 0
      },
      "repoInfo" : {
        "repoHandle" : "011BPE0Z000000000020"
      },
      "objectRefs" : [ "00ZK69U4KmJbMQH35DMoGN", "iqoKqrLKAEsgXFL0g8cvcM", "0OaaiExpvk1dh582GmpcKO" ],
      "contextAttributes" : [ {
        "name" : "id",
        "value" : "@1"
      } ],
      "additionalInfo" : {
        "description" : "",
        "contentType" : "JSON",
        "documentState" : "VALID"
      }
    }
  }, {
    "objectGuid" : "3LFggD0n3AZlzxSTTyOsiS",
    "objectName" : "m_update_LOAD_ID_Status_part_2",
    "objectType" : "DTEMPLATE",
    "path" : "/Explore/Demo_Project/DEMO_Source1_to_Staging_Standard",
    "metadata" : {
      "modelVersion" : {
        "major" : 0,
        "minor" : 0
      },
      "repoInfo" : {
        "repoHandle" : "011BPE1700000000005T"
      },
      "objectRefs" : [ "0OaaiExpvk1dh582GmpcKO" ],
      "contextAttributes" : [ {
        "name" : "id",
        "value" : "@1"
      } ],
      "additionalInfo" : {
        "description" : "",
        "contentType" : null,
        "documentState" : "VALID"
      }
    }
  }, {
    "objectGuid" : "aIH5C6jpwbPdVrmEtPtayx",
    "objectName" : "m_try_to_Get_and_Update_LOAD_ID_part_1",
    "objectType" : "DTEMPLATE",
    "path" : "/Explore/Demo_Project/DEMO_Source1_to_Staging_Standard",
    "metadata" : {
      "modelVersion" : {
        "major" : 0,
        "minor" : 0
      },
      "repoInfo" : {
        "repoHandle" : "011BPE1700000000002Z"
      },
      "objectRefs" : [ "0OaaiExpvk1dh582GmpcKO" ],
      "contextAttributes" : [ {
        "name" : "id",
        "value" : "@1"
      } ],
      "additionalInfo" : {
        "description" : "",
        "contentType" : "JSON",
        "documentState" : "VALID"
      }
    }
  }, {
    "objectGuid" : "iUGJs2Y3vszlm4xgl23rS3",
    "objectName" : "DEMO_Source1_to_Staging_Custom",
    "objectType" : "Folder",
    "path" : "/Explore/Demo_Project",
    "metadata" : {
      "modelVersion" : {
        "major" : 0,
        "minor" : 0
      },
      "repoInfo" : null,
      "objectRefs" : [ ],
      "contextAttributes" : [ ],
      "additionalInfo" : {
        "description" : "",
        "contentType" : "Binary",
        "documentState" : "COMPLETE"
      }
    }
  }, {
    "objectGuid" : "7hdKfpw5akZg4RhwxtJUaw",
    "objectName" : "tf_Global_LOAD_Source1_to_Staging",
    "objectType" : "TASKFLOW",
    "path" : "/Explore/Demo_Project/DEMO_00_GLOBAL_TF_Orchestration",
    "metadata" : {
      "modelVersion" : {
        "major" : 1,
        "minor" : 0
      },
      "repoInfo" : {
        "repoHandle" : "xYi0Nmumf6S3wOL-gt-13785698-2023-06-06T17:48:28.38Z::tf.xml"
      },
      "objectRefs" : [ "8M2Y3koF0WOkSpkQ5tt6kg", "a2ETqpEB1LIcHwMGEQEw8X", "5Uk8ZnbES8xbWkYq0ZBUge", "8EB5275rrqviKzKAbL42uV", "74IqZ9bpUNAiP6fg0P6N6O", "9Hq3krJiFgihW7LODN8hae", "0pxe4KhYP0qeBDILGvIVEK" ],
      "contextAttributes" : null,
      "additionalInfo" : {
        "description" : "",
        "contentType" : "application/json; charset=utf-8",
        "documentState" : "VALID"
      }
    }
  }, {
    "objectGuid" : "lh1mbVhnEqbew7y3pag4yR",
    "objectName" : "m_setLoadPlan",
    "objectType" : "DTEMPLATE",
    "path" : "/Explore/Demo_Project/DEMO_Source1_to_Staging_Standard",
    "metadata" : {
      "modelVersion" : {
        "major" : 0,
        "minor" : 0
      },
      "repoInfo" : {
        "repoHandle" : "011BPE1700000000002T"
      },
      "objectRefs" : [ "0OaaiExpvk1dh582GmpcKO" ],
      "contextAttributes" : [ {
        "name" : "id",
        "value" : "@1"
      } ],
      "additionalInfo" : {
        "description" : "",
        "contentType" : "JSON",
        "documentState" : "VALID"
      }
    }
  }, {
    "objectGuid" : "8EB5275rrqviKzKAbL42uV",
    "objectName" : "mt_setETL_PARAMS_for_Current_Run",
    "objectType" : "MTT",
    "path" : "/Explore/Demo_Project/DEMO_Source1_to_Staging_Standard",
    "metadata" : {
      "modelVersion" : {
        "major" : 0,
        "minor" : 0
      },
      "repoInfo" : {
        "repoHandle" : "011BPE0Z000000000021"
      },
      "objectRefs" : [ "8UfDaQwYkk6dw5akxii5a4", "iqoKqrLKAEsgXFL0g8cvcM", "0OaaiExpvk1dh582GmpcKO" ],
      "contextAttributes" : [ {
        "name" : "id",
        "value" : "@1"
      } ],
      "additionalInfo" : {
        "description" : "",
        "contentType" : "JSON",
        "documentState" : "VALID"
      }
    }
  }, {
    "objectGuid" : "6jGOUTLq3ZTkIGs30fsRmT",
    "objectName" : "m_std_src2StgWithMetaCols_part_2",
    "objectType" : "DTEMPLATE",
    "path" : "/Explore/Demo_Project/DEMO_Source1_to_Staging_Standard",
    "metadata" : {
      "modelVersion" : {
        "major" : 0,
        "minor" : 0
      },
      "repoInfo" : {
        "repoHandle" : "011BPE1700000000005U"
      },
      "objectRefs" : [ ],
      "contextAttributes" : [ {
        "name" : "id",
        "value" : "@1"
      } ],
      "additionalInfo" : {
        "description" : "",
        "contentType" : null,
        "documentState" : "VALID"
      }
    }
  }, {
    "objectGuid" : "jcZ7TgX2PaygO8zPZMbbII",
    "objectName" : "m_try_to_Get_and_Update_LOAD_ID",
    "objectType" : "DTEMPLATE",
    "path" : "/Explore/Demo_Project/DEMO_Source1_to_Staging_Custom",
    "metadata" : {
      "modelVersion" : {
        "major" : 0,
        "minor" : 0
      },
      "repoInfo" : {
        "repoHandle" : "011BPE1700000000003A"
      },
      "objectRefs" : [ "0OaaiExpvk1dh582GmpcKO" ],
      "contextAttributes" : [ {
        "name" : "id",
        "value" : "@1"
      } ],
      "additionalInfo" : {
        "description" : "",
        "contentType" : "JSON",
        "documentState" : "VALID"
      }
    }
  }, {
    "objectGuid" : "74IqZ9bpUNAiP6fg0P6N6O",
    "objectName" : "tf_load_Source1_to_Stage_part_1",
    "objectType" : "TASKFLOW",
    "path" : "/Explore/Demo_Project/DEMO_Source1_to_Staging_Standard",
    "metadata" : {
      "modelVersion" : {
        "major" : 1,
        "minor" : 0
      },
      "repoInfo" : {
        "repoHandle" : "NpeBt0i98C1LOwD-gt-15042578-2023-06-06T17:48:27.634Z::tf.xml"
      },
      "objectRefs" : [ "2fVxA07ToQYbCXQFUmBJQk", "8DXjQeoQWKhi7hDXYiiqQm", "aHikoSJjP6xfk15QqV7n4A", "aG4cy3w2JyqlVwsBWVjF6w" ],
      "contextAttributes" : null,
      "additionalInfo" : {
        "description" : "",
        "contentType" : "application/json; charset=utf-8",
        "documentState" : "VALID"
      }
    }
  }, {
    "objectGuid" : "fUcfyYgsF8rfdLXSG8YB2e",
    "objectName" : "m_WAREHOUSE_To_SRC1_WAREHOUSE_CITIES",
    "objectType" : "DTEMPLATE",
    "path" : "/Explore/Demo_Project/DEMO_Source1_to_Staging_Custom",
    "metadata" : {
      "modelVersion" : {
        "major" : 0,
        "minor" : 0
      },
      "repoInfo" : {
        "repoHandle" : "011BPE17000000000035"
      },
      "objectRefs" : [ "6MiwER4OEU2fIr1QNVgakI", "5kN0dXHUSqYcKnEpt3Mp6x" ],
      "contextAttributes" : [ {
        "name" : "id",
        "value" : "@1"
      } ],
      "additionalInfo" : {
        "description" : "",
        "contentType" : "JSON",
        "documentState" : "VALID"
      }
    }
  }, {
    "objectGuid" : "2wJeroZYHKeeYONhOpQHKd",
    "objectName" : "m_getParameterList_part_1",
    "objectType" : "DTEMPLATE",
    "path" : "/Explore/Demo_Project/DEMO_Source1_to_Staging_Standard",
    "metadata" : {
      "modelVersion" : {
        "major" : 0,
        "minor" : 0
      },
      "repoInfo" : {
        "repoHandle" : "011BPE1700000000003E"
      },
      "objectRefs" : [ "0OaaiExpvk1dh582GmpcKO" ],
      "contextAttributes" : [ {
        "name" : "id",
        "value" : "@1"
      } ],
      "additionalInfo" : {
        "description" : "",
        "contentType" : "JSON",
        "documentState" : "VALID"
      }
    }
  }, {
    "objectGuid" : "5Uk8ZnbES8xbWkYq0ZBUge",
    "objectName" : "mt_set_Load_plan",
    "objectType" : "MTT",
    "path" : "/Explore/Demo_Project/DEMO_Source1_to_Staging_Standard",
    "metadata" : {
      "modelVersion" : {
        "major" : 0,
        "minor" : 0
      },
      "repoInfo" : {
        "repoHandle" : "011BPE0Z00000000002M"
      },
      "objectRefs" : [ "lh1mbVhnEqbew7y3pag4yR", "iqoKqrLKAEsgXFL0g8cvcM", "0OaaiExpvk1dh582GmpcKO" ],
      "contextAttributes" : [ {
        "name" : "id",
        "value" : "@1"
      } ],
      "additionalInfo" : {
        "description" : "",
        "contentType" : "JSON",
        "documentState" : "VALID"
      }
    }
  }, {
    "objectGuid" : "k8jBlfE9UineNdKYRjBeoW",
    "objectName" : "m_update_LOAD_ID_Status_part_1",
    "objectType" : "DTEMPLATE",
    "path" : "/Explore/Demo_Project/DEMO_Source1_to_Staging_Standard",
    "metadata" : {
      "modelVersion" : {
        "major" : 0,
        "minor" : 0
      },
      "repoInfo" : {
        "repoHandle" : "011BPE17000000000039"
      },
      "objectRefs" : [ "0OaaiExpvk1dh582GmpcKO" ],
      "contextAttributes" : [ {
        "name" : "id",
        "value" : "@1"
      } ],
      "additionalInfo" : {
        "description" : "",
        "contentType" : "JSON",
        "documentState" : "VALID"
      }
    }
  }, {
    "objectGuid" : "f9EqKCidFm9l9JwxtjiP4T",
    "objectName" : "mt_update_LOAD_ID_status_part_2",
    "objectType" : "MTT",
    "path" : "/Explore/Demo_Project/DEMO_Source1_to_Staging_Standard",
    "metadata" : {
      "modelVersion" : {
        "major" : 0,
        "minor" : 0
      },
      "repoInfo" : {
        "repoHandle" : "011BPE0Z00000000005H"
      },
      "objectRefs" : [ "3LFggD0n3AZlzxSTTyOsiS", "iqoKqrLKAEsgXFL0g8cvcM", "0OaaiExpvk1dh582GmpcKO" ],
      "contextAttributes" : [ {
        "name" : "id",
        "value" : "@1"
      } ],
      "additionalInfo" : {
        "description" : "",
        "contentType" : null,
        "documentState" : "VALID"
      }
    }
  }, {
    "objectGuid" : "5mSXXsWNYE7lQZicl0vJKH",
    "objectName" : "m_REASON_To_SRC1_BUSINESS_REASON",
    "objectType" : "DTEMPLATE",
    "path" : "/Explore/Demo_Project/DEMO_Source1_to_Staging_Custom",
    "metadata" : {
      "modelVersion" : {
        "major" : 0,
        "minor" : 0
      },
      "repoInfo" : {
        "repoHandle" : "011BPE1700000000006K"
      },
      "objectRefs" : [ "6MiwER4OEU2fIr1QNVgakI", "5kN0dXHUSqYcKnEpt3Mp6x" ],
      "contextAttributes" : [ {
        "name" : "id",
        "value" : "@1"
      } ],
      "additionalInfo" : {
        "description" : "",
        "contentType" : "JSON",
        "documentState" : "VALID"
      }
    }
  }, {
    "objectGuid" : "9Hq3krJiFgihW7LODN8hae",
    "objectName" : "tf_load_Source1_to_Stage_Custom",
    "objectType" : "TASKFLOW",
    "path" : "/Explore/Demo_Project/DEMO_Source1_to_Staging_Custom",
    "metadata" : {
      "modelVersion" : {
        "major" : 1,
        "minor" : 0
      },
      "repoInfo" : {
        "repoHandle" : "BnYmWR7hsAVR3aa-gt-15042568-2023-06-06T17:48:27.438Z::tf.xml"
      },
      "objectRefs" : [ "01Mlu8qSQDDiLlkHQfIam4", "khFjcwPNAYqk33v8ia62yv", "0ueqmQQxD1DhFhBjb8V8cs", "aLKWIjDrYhokcvrGMuwrKe", "cfpr58M6ukZivu87Braf0N" ],
      "contextAttributes" : null,
      "additionalInfo" : {
        "description" : "",
        "contentType" : "application/json; charset=utf-8",
        "documentState" : "VALID"
      }
    }
  }, {
    "objectGuid" : "7SEuk186OOskXHEABLgI8B",
    "objectName" : "m_std_src2StgWithMetaCols_part_1",
    "objectType" : "DTEMPLATE",
    "path" : "/Explore/Demo_Project/DEMO_Source1_to_Staging_Standard",
    "metadata" : {
      "modelVersion" : {
        "major" : 0,
        "minor" : 0
      },
      "repoInfo" : {
        "repoHandle" : "011BPE1700000000002M"
      },
      "objectRefs" : [ ],
      "contextAttributes" : [ {
        "name" : "id",
        "value" : "@1"
      } ],
      "additionalInfo" : {
        "description" : "",
        "contentType" : "JSON",
        "documentState" : "VALID"
      }
    }
  }, {
    "objectGuid" : "2uegFnJJjS2cKfgG4c55Yz",
    "objectName" : "DEMO_Source1_to_Staging_Standard",
    "objectType" : "Folder",
    "path" : "/Explore/Demo_Project",
    "metadata" : {
      "modelVersion" : {
        "major" : 0,
        "minor" : 0
      },
      "repoInfo" : null,
      "objectRefs" : [ ],
      "contextAttributes" : [ ],
      "additionalInfo" : {
        "description" : "Load Data from Source1 to Staging Area",
        "contentType" : "Binary",
        "documentState" : "COMPLETE"
      }
    }
  }, {
    "objectGuid" : "2675eGWNcQUcqAXJzovxwH",
    "objectName" : "DEMO_00_GLOBAL_TF_Orchestration",
    "objectType" : "Folder",
    "path" : "/Explore/Demo_Project",
    "metadata" : {
      "modelVersion" : {
        "major" : 0,
        "minor" : 0
      },
      "repoInfo" : null,
      "objectRefs" : [ ],
      "contextAttributes" : [ ],
      "additionalInfo" : {
        "description" : "",
        "contentType" : "Binary",
        "documentState" : "COMPLETE"
      }
    }
  }, {
    "objectGuid" : "8UfDaQwYkk6dw5akxii5a4",
    "objectName" : "m_setETL_PARAMS",
    "objectType" : "DTEMPLATE",
    "path" : "/Explore/Demo_Project/DEMO_Source1_to_Staging_Standard",
    "metadata" : {
      "modelVersion" : {
        "major" : 0,
        "minor" : 0
      },
      "repoInfo" : {
        "repoHandle" : "011BPE1700000000002V"
      },
      "objectRefs" : [ "0OaaiExpvk1dh582GmpcKO" ],
      "contextAttributes" : [ {
        "name" : "id",
        "value" : "@1"
      } ],
      "additionalInfo" : {
        "description" : "",
        "contentType" : "JSON",
        "documentState" : "VALID"
      }
    }
  }, {
    "objectGuid" : "aL1Zc8jBmztdn7VoT4YYWU",
    "objectName" : "m_try_to_Get_and_Update_LOAD_ID_part_2",
    "objectType" : "DTEMPLATE",
    "path" : "/Explore/Demo_Project/DEMO_Source1_to_Staging_Standard",
    "metadata" : {
      "modelVersion" : {
        "major" : 0,
        "minor" : 0
      },
      "repoInfo" : {
        "repoHandle" : "011BPE1700000000005R"
      },
      "objectRefs" : [ "0OaaiExpvk1dh582GmpcKO" ],
      "contextAttributes" : [ {
        "name" : "id",
        "value" : "@1"
      } ],
      "additionalInfo" : {
        "description" : "",
        "contentType" : null,
        "documentState" : "VALID"
      }
    }
  }, {
    "objectGuid" : "4YiXyX7P1UslN1LRWfIxE2",
    "objectName" : "m_update_LOAD_ID_Status",
    "objectType" : "DTEMPLATE",
    "path" : "/Explore/Demo_Project/DEMO_Source1_to_Staging_Custom",
    "metadata" : {
      "modelVersion" : {
        "major" : 0,
        "minor" : 0
      },
      "repoInfo" : {
        "repoHandle" : "011BPE1700000000002Y"
      },
      "objectRefs" : [ "0OaaiExpvk1dh582GmpcKO" ],
      "contextAttributes" : [ {
        "name" : "id",
        "value" : "@1"
      } ],
      "additionalInfo" : {
        "description" : "",
        "contentType" : "JSON",
        "documentState" : "VALID"
      }
    }
  }, {
    "objectGuid" : "9L8KJ6EbgcqgKDqhyydQeH",
    "objectName" : "m_startRUN_insert_new_RUN_ID",
    "objectType" : "DTEMPLATE",
    "path" : "/Explore/Demo_Project/DEMO_Source1_to_Staging_Standard",
    "metadata" : {
      "modelVersion" : {
        "major" : 0,
        "minor" : 0
      },
      "repoInfo" : {
        "repoHandle" : "011BPE1700000000002N"
      },
      "objectRefs" : [ "kD94VZkL9cnjxdpLhTZ6a3" ],
      "contextAttributes" : [ {
        "name" : "id",
        "value" : "@1"
      } ],
      "additionalInfo" : {
        "description" : "",
        "contentType" : "JSON",
        "documentState" : "VALID"
      }
    }
  }, {
    "objectGuid" : "iqoKqrLKAEsgXFL0g8cvcM",
    "objectName" : "Informatica Cloud Hosted Agent",
    "objectType" : "AgentGroup",
    "path" : "/SYS",
    "metadata" : {
      "modelVersion" : {
        "major" : 0,
        "minor" : 0
      },
      "repoInfo" : {
        "repoHandle" : "025000000000002"
      },
      "objectRefs" : [ ],
      "contextAttributes" : null,
      "additionalInfo" : {
        "description" : "",
        "contentType" : "JSON",
        "documentState" : "VALID"
      }
    }
  }, {
    "objectGuid" : "2fVxA07ToQYbCXQFUmBJQk",
    "objectName" : "mt_getParameterList_for_Config_part_1",
    "objectType" : "MTT",
    "path" : "/Explore/Demo_Project/DEMO_Source1_to_Staging_Standard",
    "metadata" : {
      "modelVersion" : {
        "major" : 0,
        "minor" : 0
      },
      "repoInfo" : {
        "repoHandle" : "011BPE0Z00000000001Z"
      },
      "objectRefs" : [ "2wJeroZYHKeeYONhOpQHKd", "iqoKqrLKAEsgXFL0g8cvcM", "0OaaiExpvk1dh582GmpcKO" ],
      "contextAttributes" : [ {
        "name" : "id",
        "value" : "@1"
      } ],
      "additionalInfo" : {
        "description" : "",
        "contentType" : "JSON",
        "documentState" : "VALID"
      }
    }
  }, {
    "objectGuid" : "6MiwER4OEU2fIr1QNVgakI",
    "objectName" : "conn_snow_DWH_STAGING",
    "objectType" : "Connection",
    "path" : "/SYS",
    "metadata" : {
      "modelVersion" : {
        "major" : 0,
        "minor" : 0
      },
      "repoInfo" : {
        "repoHandle" : "011BPE0B00000000000A"
      },
      "objectRefs" : [ "iqoKqrLKAEsgXFL0g8cvcM" ],
      "contextAttributes" : [ {
        "name" : "id",
        "value" : "@1"
      } ],
      "additionalInfo" : {
        "description" : null,
        "contentType" : "JSON",
        "documentState" : "COMPLETE"
      }
    }
  }, {
    "objectGuid" : "a2ETqpEB1LIcHwMGEQEw8X",
    "objectName" : "tf_load_Source1_to_Stage_part_2",
    "objectType" : "TASKFLOW",
    "path" : "/Explore/Demo_Project/DEMO_Source1_to_Staging_Standard",
    "metadata" : {
      "modelVersion" : {
        "major" : 1,
        "minor" : 0
      },
      "repoInfo" : {
        "repoHandle" : "XbeMVX3cjk91pqr-gt-15042588-2023-06-06T17:48:27.806Z::tf.xml"
      },
      "objectRefs" : [ "hRGGAunXgClfRvYcTiggAl", "f9EqKCidFm9l9JwxtjiP4T", "a1QjiuQq7Yof1gUemMHrWU", "7A5q6VqTbSZj7ksx9oasmh" ],
      "contextAttributes" : null,
      "additionalInfo" : {
        "description" : "",
        "contentType" : "application/json; charset=utf-8",
        "documentState" : "VALID"
      }
    }
  }, {
    "objectGuid" : "0ueqmQQxD1DhFhBjb8V8cs",
    "objectName" : "mt_update_LOAD_ID_status",
    "objectType" : "MTT",
    "path" : "/Explore/Demo_Project/DEMO_Source1_to_Staging_Custom",
    "metadata" : {
      "modelVersion" : {
        "major" : 0,
        "minor" : 0
      },
      "repoInfo" : {
        "repoHandle" : "011BPE0Z00000000002J"
      },
      "objectRefs" : [ "4YiXyX7P1UslN1LRWfIxE2", "iqoKqrLKAEsgXFL0g8cvcM", "0OaaiExpvk1dh582GmpcKO" ],
      "contextAttributes" : [ {
        "name" : "id",
        "value" : "@1"
      } ],
      "additionalInfo" : {
        "description" : "",
        "contentType" : "JSON",
        "documentState" : "VALID"
      }
    }
  }, {
    "objectGuid" : "hRGGAunXgClfRvYcTiggAl",
    "objectName" : "mt_std_load_src2stg_part_2",
    "objectType" : "MTT",
    "path" : "/Explore/Demo_Project/DEMO_Source1_to_Staging_Standard",
    "metadata" : {
      "modelVersion" : {
        "major" : 0,
        "minor" : 0
      },
      "repoInfo" : {
        "repoHandle" : "011BPE0Z00000000005I"
      },
      "objectRefs" : [ "6MiwER4OEU2fIr1QNVgakI", "iqoKqrLKAEsgXFL0g8cvcM", "6jGOUTLq3ZTkIGs30fsRmT", "5kN0dXHUSqYcKnEpt3Mp6x" ],
      "contextAttributes" : [ {
        "name" : "id",
        "value" : "@1"
      } ],
      "additionalInfo" : {
        "description" : "",
        "contentType" : null,
        "documentState" : "VALID"
      }
    }
  }, {
    "objectGuid" : "aLKWIjDrYhokcvrGMuwrKe",
    "objectName" : "mt_WAREHOUSE_To_SRC1_WAREHOUSE_CITIES",
    "objectType" : "MTT",
    "path" : "/Explore/Demo_Project/DEMO_Source1_to_Staging_Custom",
    "metadata" : {
      "modelVersion" : {
        "major" : 0,
        "minor" : 0
      },
      "repoInfo" : {
        "repoHandle" : "011BPE0Z00000000002P"
      },
      "objectRefs" : [ "6MiwER4OEU2fIr1QNVgakI", "iqoKqrLKAEsgXFL0g8cvcM", "5kN0dXHUSqYcKnEpt3Mp6x", "fUcfyYgsF8rfdLXSG8YB2e" ],
      "contextAttributes" : [ {
        "name" : "id",
        "value" : "@1"
      } ],
      "additionalInfo" : {
        "description" : "",
        "contentType" : "JSON",
        "documentState" : "VALID"
      }
    }
  }, {
    "objectGuid" : "7A5q6VqTbSZj7ksx9oasmh",
    "objectName" : "mt_getParameterList_for_Config_part_2",
    "objectType" : "MTT",
    "path" : "/Explore/Demo_Project/DEMO_Source1_to_Staging_Standard",
    "metadata" : {
      "modelVersion" : {
        "major" : 0,
        "minor" : 0
      },
      "repoInfo" : {
        "repoHandle" : "011BPE0Z00000000005J"
      },
      "objectRefs" : [ "39LWcCD280EfnOAaawCWYk", "iqoKqrLKAEsgXFL0g8cvcM", "0OaaiExpvk1dh582GmpcKO" ],
      "contextAttributes" : [ {
        "name" : "id",
        "value" : "@1"
      } ],
      "additionalInfo" : {
        "description" : "",
        "contentType" : null,
        "documentState" : "VALID"
      }
    }
  }, {
    "objectGuid" : "cfpr58M6ukZivu87Braf0N",
    "objectName" : "mt_REASON_To_SRC1_BUSINESS_REASON",
    "objectType" : "MTT",
    "path" : "/Explore/Demo_Project/DEMO_Source1_to_Staging_Custom",
    "metadata" : {
      "modelVersion" : {
        "major" : 0,
        "minor" : 0
      },
      "repoInfo" : {
        "repoHandle" : "011BPE0Z00000000006A"
      },
      "objectRefs" : [ "6MiwER4OEU2fIr1QNVgakI", "iqoKqrLKAEsgXFL0g8cvcM", "5mSXXsWNYE7lQZicl0vJKH", "5kN0dXHUSqYcKnEpt3Mp6x" ],
      "contextAttributes" : [ {
        "name" : "id",
        "value" : "@1"
      } ],
      "additionalInfo" : {
        "description" : "",
        "contentType" : "JSON",
        "documentState" : "VALID"
      }
    }
  }, {
    "objectGuid" : "0OaaiExpvk1dh582GmpcKO",
    "objectName" : "conn_snow_DEV_ETL_META",
    "objectType" : "Connection",
    "path" : "/SYS",
    "metadata" : {
      "modelVersion" : {
        "major" : 0,
        "minor" : 0
      },
      "repoInfo" : {
        "repoHandle" : "011BPE0B000000000002"
      },
      "objectRefs" : [ "iqoKqrLKAEsgXFL0g8cvcM" ],
      "contextAttributes" : [ {
        "name" : "id",
        "value" : "@1"
      } ],
      "additionalInfo" : {
        "description" : "Schema ETL_META in Dev Instance",
        "contentType" : "JSON",
        "documentState" : "COMPLETE"
      }
    }
  }, {
    "objectGuid" : "khFjcwPNAYqk33v8ia62yv",
    "objectName" : "mt_Try_to_Get_and_update_LOAD_ID",
    "objectType" : "MTT",
    "path" : "/Explore/Demo_Project/DEMO_Source1_to_Staging_Custom",
    "metadata" : {
      "modelVersion" : {
        "major" : 0,
        "minor" : 0
      },
      "repoInfo" : {
        "repoHandle" : "011BPE0Z00000000002E"
      },
      "objectRefs" : [ "jcZ7TgX2PaygO8zPZMbbII", "iqoKqrLKAEsgXFL0g8cvcM", "0OaaiExpvk1dh582GmpcKO" ],
      "contextAttributes" : [ {
        "name" : "id",
        "value" : "@1"
      } ],
      "additionalInfo" : {
        "description" : "",
        "contentType" : "JSON",
        "documentState" : "VALID"
      }
    }
  }, {
    "objectGuid" : "aG4cy3w2JyqlVwsBWVjF6w",
    "objectName" : "mt_update_LOAD_ID_status_part_1",
    "objectType" : "MTT",
    "path" : "/Explore/Demo_Project/DEMO_Source1_to_Staging_Standard",
    "metadata" : {
      "modelVersion" : {
        "major" : 0,
        "minor" : 0
      },
      "repoInfo" : {
        "repoHandle" : "011BPE0Z00000000002G"
      },
      "objectRefs" : [ "k8jBlfE9UineNdKYRjBeoW", "iqoKqrLKAEsgXFL0g8cvcM", "0OaaiExpvk1dh582GmpcKO" ],
      "contextAttributes" : [ {
        "name" : "id",
        "value" : "@1"
      } ],
      "additionalInfo" : {
        "description" : "",
        "contentType" : "JSON",
        "documentState" : "VALID"
      }
    }
  }, {
    "objectGuid" : "00ZK69U4KmJbMQH35DMoGN",
    "objectName" : "m_endRUN_update_RUN_Status",
    "objectType" : "DTEMPLATE",
    "path" : "/Explore/Demo_Project/DEMO_Source1_to_Staging_Standard",
    "metadata" : {
      "modelVersion" : {
        "major" : 0,
        "minor" : 0
      },
      "repoInfo" : {
        "repoHandle" : "011BPE17000000000030"
      },
      "objectRefs" : [ "0OaaiExpvk1dh582GmpcKO" ],
      "contextAttributes" : [ {
        "name" : "id",
        "value" : "@1"
      } ],
      "additionalInfo" : {
        "description" : "",
        "contentType" : "JSON",
        "documentState" : "VALID"
      }
    }
  }, {
    "objectGuid" : "8DXjQeoQWKhi7hDXYiiqQm",
    "objectName" : "mt_Try_to_Get_and_update_LOAD_ID_part_1",
    "objectType" : "MTT",
    "path" : "/Explore/Demo_Project/DEMO_Source1_to_Staging_Standard",
    "metadata" : {
      "modelVersion" : {
        "major" : 0,
        "minor" : 0
      },
      "repoInfo" : {
        "repoHandle" : "011BPE0Z00000000002K"
      },
      "objectRefs" : [ "aIH5C6jpwbPdVrmEtPtayx", "iqoKqrLKAEsgXFL0g8cvcM", "0OaaiExpvk1dh582GmpcKO" ],
      "contextAttributes" : [ {
        "name" : "id",
        "value" : "@1"
      } ],
      "additionalInfo" : {
        "description" : "",
        "contentType" : "JSON",
        "documentState" : "VALID"
      }
    }
  }, {
    "objectGuid" : "39LWcCD280EfnOAaawCWYk",
    "objectName" : "m_getParameterList_part_2",
    "objectType" : "DTEMPLATE",
    "path" : "/Explore/Demo_Project/DEMO_Source1_to_Staging_Standard",
    "metadata" : {
      "modelVersion" : {
        "major" : 0,
        "minor" : 0
      },
      "repoInfo" : {
        "repoHandle" : "011BPE1700000000005S"
      },
      "objectRefs" : [ "0OaaiExpvk1dh582GmpcKO" ],
      "contextAttributes" : [ {
        "name" : "id",
        "value" : "@1"
      } ],
      "additionalInfo" : {
        "description" : "",
        "contentType" : null,
        "documentState" : "VALID"
      }
    }
  }, {
    "objectGuid" : "a1QjiuQq7Yof1gUemMHrWU",
    "objectName" : "mt_Try_to_Get_and_update_LOAD_ID_part_2",
    "objectType" : "MTT",
    "path" : "/Explore/Demo_Project/DEMO_Source1_to_Staging_Standard",
    "metadata" : {
      "modelVersion" : {
        "major" : 0,
        "minor" : 0
      },
      "repoInfo" : {
        "repoHandle" : "011BPE0Z00000000005G"
      },
      "objectRefs" : [ "aL1Zc8jBmztdn7VoT4YYWU", "iqoKqrLKAEsgXFL0g8cvcM", "0OaaiExpvk1dh582GmpcKO" ],
      "contextAttributes" : [ {
        "name" : "id",
        "value" : "@1"
      } ],
      "additionalInfo" : {
        "description" : "",
        "contentType" : null,
        "documentState" : "VALID"
      }
    }
  }, {
    "objectGuid" : "01Mlu8qSQDDiLlkHQfIam4",
    "objectName" : "mt_WAREHOUSE_To_SRC1_WAREHOUSE_STATES",
    "objectType" : "MTT",
    "path" : "/Explore/Demo_Project/DEMO_Source1_to_Staging_Custom",
    "metadata" : {
      "modelVersion" : {
        "major" : 0,
        "minor" : 0
      },
      "repoInfo" : {
        "repoHandle" : "011BPE0Z00000000005K"
      },
      "objectRefs" : [ "6MiwER4OEU2fIr1QNVgakI", "6aNt0BPuyAwlDzbWPLQhG7", "iqoKqrLKAEsgXFL0g8cvcM", "5kN0dXHUSqYcKnEpt3Mp6x" ],
      "contextAttributes" : [ {
        "name" : "id",
        "value" : "@1"
      } ],
      "additionalInfo" : {
        "description" : "",
        "contentType" : "JSON",
        "documentState" : "VALID"
      }
    }
  }, {
    "objectGuid" : "6aNt0BPuyAwlDzbWPLQhG7",
    "objectName" : "m_WAREHOUSE_To_SRC1_WAREHOUSE_STATES",
    "objectType" : "DTEMPLATE",
    "path" : "/Explore/Demo_Project/DEMO_Source1_to_Staging_Custom",
    "metadata" : {
      "modelVersion" : {
        "major" : 0,
        "minor" : 0
      },
      "repoInfo" : {
        "repoHandle" : "011BPE1700000000005V"
      },
      "objectRefs" : [ "6MiwER4OEU2fIr1QNVgakI", "5kN0dXHUSqYcKnEpt3Mp6x" ],
      "contextAttributes" : [ {
        "name" : "id",
        "value" : "@1"
      } ],
      "additionalInfo" : {
        "description" : "",
        "contentType" : "JSON",
        "documentState" : "VALID"
      }
    }
  }, {
    "objectGuid" : "kfIzDpRhtcCfFsLVOTeDMf",
    "objectName" : "Demo_Project",
    "objectType" : "Project",
    "path" : "/Explore",
    "metadata" : {
      "modelVersion" : {
        "major" : 0,
        "minor" : 0
      },
      "repoInfo" : null,
      "objectRefs" : [ ],
      "contextAttributes" : [ ],
      "additionalInfo" : {
        "description" : "",
        "contentType" : "Binary",
        "documentState" : "COMPLETE"
      }
    }
  }, {
    "objectGuid" : "kD94VZkL9cnjxdpLhTZ6a3",
    "objectName" : "conn_snow_dwh_infa_meta",
    "objectType" : "Connection",
    "path" : "/SYS",
    "metadata" : {
      "modelVersion" : {
        "major" : 0,
        "minor" : 0
      },
      "repoInfo" : {
        "repoHandle" : "011BPE0B00000000000B"
      },
      "objectRefs" : [ "iqoKqrLKAEsgXFL0g8cvcM" ],
      "contextAttributes" : [ {
        "name" : "id",
        "value" : "@1"
      } ],
      "additionalInfo" : {
        "description" : null,
        "contentType" : "JSON",
        "documentState" : "COMPLETE"
      }
    }
  }, {
    "objectGuid" : "5kN0dXHUSqYcKnEpt3Mp6x",
    "objectName" : "conn_snow_DATASOURCE1",
    "objectType" : "Connection",
    "path" : "/SYS",
    "metadata" : {
      "modelVersion" : {
        "major" : 0,
        "minor" : 0
      },
      "repoInfo" : {
        "repoHandle" : "011BPE0B00000000000C"
      },
      "objectRefs" : [ "iqoKqrLKAEsgXFL0g8cvcM" ],
      "contextAttributes" : [ {
        "name" : "id",
        "value" : "@1"
      } ],
      "additionalInfo" : {
        "description" : null,
        "contentType" : "JSON",
        "documentState" : "COMPLETE"
      }
    }
  } ]
}