<aetgt:getResponse xmlns:aetgt="http://schemas.active-endpoints.com/appmodules/repository/2010/10/avrepository.xsd"
                   xmlns:types1="http://schemas.active-endpoints.com/appmodules/repository/2010/10/avrepository.xsd">
   <types1:Item>
      <types1:EntryId>BnYmWR7hsAVR3aa-gt-15042568-2023-06-06T17:48:27.438Z::tf.xml</types1:EntryId>
      <types1:Name>tf_load_Source1_to_Stage_Custom</types1:Name>
      <types1:MimeType>application/xml+taskflow</types1:MimeType>
      <types1:Description/>
      <types1:AppliesTo/>
      <types1:Tags/>
      <types1:VersionLabel>1.0</types1:VersionLabel>
      <types1:State>CURRENT</types1:State>
      <types1:ProcessGroup/>
      <types1:CreatedBy>asteinmark@enfint.tech</types1:CreatedBy>
      <types1:CreationDate>2023-06-06T17:48:27Z</types1:CreationDate>
      <types1:ModifiedBy>asteinmark@enfint.tech</types1:ModifiedBy>
      <types1:ModificationDate>2023-07-28T18:06:16Z</types1:ModificationDate>
      <types1:PublicationStatus>published</types1:PublicationStatus>
      <types1:PublishedBy>asteinmark@enfint.tech</types1:PublishedBy>
      <types1:PublicationDate>2023-07-28T18:10:29Z</types1:PublicationDate>
      <types1:PublishedContributionId>project:/tf.tf_load_Source1_to_Stage_Custom/tf_load_Source1_to_Stage_Custom.tf.xml</types1:PublishedContributionId>
      <types1:Entry>
         <taskflow xmlns="http://schemas.active-endpoints.com/appmodules/screenflow/2010/10/avosScreenflow.xsd"
                   xmlns:tfm="http://schemas.active-endpoints.com/appmodules/screenflow/2021/04/taskflowModel.xsd"
                   xmlns:list="urn:activevos:spi:list:functions"
                   displayName="tf_load_Source1_to_Stage_Custom"
                   name="tf_load_Source1_to_Stage_Custom"
                   overrideAPIName="false">
            <parameterSet xmlns="http://schemas.active-endpoints.com/appmodules/screenflow/2021/04/taskflowModel.xsd"/>
            <appliesTo/>
            <description/>
            <tags/>
            <generator>Informatica Process Designer 11</generator>
            <input>
               <parameter description="" name="RUN_ID" type="double">
                  <options>
                     <option name="required">false</option>
                  </options>
               </parameter>
               <parameter description="" name="PROCESS_STATUS" type="string">
                  <options>
                     <option name="required">false</option>
                  </options>
               </parameter>
               <parameter description="" name="ENV" type="string">
                  <options>
                     <option name="required">false</option>
                  </options>
               </parameter>
               <parameter description="" name="ORG_ID" type="string">
                  <options>
                     <option name="required">false</option>
                  </options>
               </parameter>
               <parameter description="" name="ERROR_CODE" type="string">
                  <options>
                     <option name="required">false</option>
                  </options>
               </parameter>
               <parameter description="" name="CURRENT_CONFIG_ID" type="int">
                  <options>
                     <option name="required">false</option>
                  </options>
               </parameter>
               <parameter description="" name="CURRENT_LOAD_ID" type="int">
                  <options>
                     <option name="required">false</option>
                  </options>
               </parameter>
               <parameter description="" name="MAX_STG_CONFIG_ID" type="int">
                  <options>
                     <option name="required">false</option>
                  </options>
               </parameter>
               <parameter description="    " name="CURRENT_TGT_NAME" type="string">
                  <options>
                     <option name="required">false</option>
                  </options>
               </parameter>
               <parameter description="" name="SOURCE_ID" type="int">
                  <options>
                     <option name="required">false</option>
                  </options>
               </parameter>
               <parameter description="" name="FILTER_12M" type="string">
                  <options>
                     <option name="required">false</option>
                  </options>
               </parameter>
               <parameter description="" name="FILTER_24M" type="string">
                  <options>
                     <option name="required">false</option>
                  </options>
               </parameter>
               <parameter description="" name="FILTER_72M" type="string">
                  <options>
                     <option name="required">false</option>
                  </options>
               </parameter>
            </input>
            <tempFields>
               <field description=""
                      name="Try_to_Get_and_update_LOAD_ID"
                      type="reference">
                  <options>
                     <option name="referenceTo">$po:mt-Try-to-Get-and-update-LOAD-ID</option>
                  </options>
               </field>
               <field description="" name="Update_LOAD_ID_Status" type="reference">
                  <options>
                     <option name="referenceTo">$po:mt-update-LOAD-ID-status</option>
                  </options>
               </field>
               <field description=""
                      name="load src2stg SRC1_WAREHOUSE_STATES"
                      type="reference">
                  <options>
                     <option name="referenceTo">$po:mt-WAREHOUSE-To-SRC1-WAREHOUSE-STATES</option>
                     <option name="failOnNotRun">false</option>
                     <option name="failOnFault">false</option>
                  </options>
               </field>
               <field description=""
                      name="load src2stg SRC1_WAREHOUSE_CITIES"
                      type="reference">
                  <options>
                     <option name="referenceTo">$po:mt-WAREHOUSE-To-SRC1-WAREHOUSE-CITIES</option>
                  </options>
               </field>
               <field description=""
                      name="load src2stg SRC1_BUSINESS_REASON"
                      type="reference">
                  <options>
                     <option name="referenceTo">$po:mt-REASON-To-SRC1-BUSINESS-REASON</option>
                     <option name="failOnNotRun">false</option>
                     <option name="failOnFault">false</option>
                  </options>
               </field>
            </tempFields>
            <notes/>
            <deployment skipIfRunning="false" suspendOnFault="false" tracingLevel="verbose">
               <rest/>
            </deployment>
            <flow id="a">
               <start id="b">
                  <link id="k1ml3g55" targetId="k1ml3g54"/>
               </start>
               <assignment id="k1ml3g54">
                  <title>Inititalize Date Window FIlters</title>
                  <operation source="formula" to="input.FILTER_12M">
                     <expression language="XQuery">(:12 Monate:)
fn:format-dateTime( fn:current-dateTime() - xs:yearMonthDuration("P13M") , "[Y0001][M01]01" )</expression>
                  </operation>
                  <operation source="formula" to="input.FILTER_24M">
                     <expression language="XQuery">(:24 Monate:)
fn:format-dateTime( fn:current-dateTime() - xs:yearMonthDuration("P25M") , "[Y0001][M01]01" )</expression>
                  </operation>
                  <operation source="formula" to="input.FILTER_72M">
                     <expression language="XQuery">(:72 Monate:)
fn:format-dateTime( fn:current-dateTime() - xs:yearMonthDuration("P73M") , "[Y0001][M01]01" )</expression>
                  </operation>
                  <link id="k1ml3g56" targetId="jzwzcvsx"/>
               </assignment>
               <assignment id="jzwzcvsx">
                  <title>Initialize taskflow parameters</title>
                  <operation source="constant" to="input.PROCESS_STATUS">SUCCESS</operation>
                  <operation source="constant" to="input.ERROR_CODE"/>
                  <operation source="constant" to="input.CURRENT_LOAD_ID"/>
                  <operation source="constant" to="input.CURRENT_TGT_NAME"/>
                  <operation source="constant" to="input.SOURCE_ID">1</operation>
                  <operation source="constant"
                             to="temp.Update_LOAD_ID_Status[1]/inout[1]/io_COUNT_DELETED">0</operation>
                  <operation source="constant"
                             to="temp.Update_LOAD_ID_Status[1]/inout[1]/io_COUNT_INSERTED">0</operation>
                  <operation source="constant"
                             to="temp.Update_LOAD_ID_Status[1]/inout[1]/io_COUNT_REJECTED">0</operation>
                  <operation source="constant"
                             to="temp.Update_LOAD_ID_Status[1]/inout[1]/io_COUNT_UPDATED">0</operation>
                  <operation source="constant"
                             to="temp.Try_to_Get_and_update_LOAD_ID[1]/inout[1]/io_LOAD_ID">-1</operation>
                  <operation source="constant"
                             to="temp.Try_to_Get_and_update_LOAD_ID[1]/inout[1]/io_RUN_ID">-1</operation>
                  <operation source="constant"
                             to="temp.Try_to_Get_and_update_LOAD_ID[1]/inout[1]/io_CONFIG_ID">-1</operation>
                  <operation source="constant"
                             to="temp.Try_to_Get_and_update_LOAD_ID[1]/inout[1]/io_IN_PROCESS_GROUP"/>
                  <operation source="constant"
                             to="temp.Try_to_Get_and_update_LOAD_ID[1]/inout[1]/io_tgtTabName"/>
                  <operation source="constant"
                             to="temp.Update_LOAD_ID_Status[1]/inout[1]/io_RUNTIME_TASK_NAME"/>
                  <link id="k1m2yutr" targetId="k1m2yutq"/>
               </assignment>
               <assignment id="k1m2yutq">
                  <title>Assign_vars_Try_and_Get_LOAD_ID</title>
                  <operation source="constant"
                             to="temp.Try_to_Get_and_update_LOAD_ID[1]/inout[1]/io_RUN_ID">{$input.RUN_ID}</operation>
                  <operation source="constant"
                             to="temp.Try_to_Get_and_update_LOAD_ID[1]/inout[1]/io_IN_PROCESS_GROUP">'CUST_GRP_1'</operation>
                  <link id="k1m2yuts" targetId="k0psou1h"/>
               </assignment>
               <assignment id="k1m3lhiy">
                  <title>Assign_LOAD_ID and TGT_NAME</title>
                  <operation source="constant" to="input.CURRENT_LOAD_ID">{$temp.Try_to_Get_and_update_LOAD_ID[1]/inout[1]/io_LOAD_ID}</operation>
                  <operation source="constant" to="input.CURRENT_TGT_NAME">{$temp.Try_to_Get_and_update_LOAD_ID[1]/inout[1]/io_tgtTabName}</operation>
                  <link id="k1m3lhj0" targetId="k0eehts9"/>
               </assignment>
               <eventContainer id="k0psou1h">
                  <service id="k0psou0t">
                     <title>Try_to_Get_and_update_LOAD_ID</title>
                     <serviceName>ICSExecuteDataTask</serviceName>
                     <serviceGUID/>
                     <serviceInput>
                        <parameter name="Wait for Task to Complete" source="constant" updatable="true">true</parameter>
                        <parameter name="Max Wait" source="constant" updatable="true">86400</parameter>
                        <parameter name="Task Name" source="constant" updatable="true">mt_Try_to_Get_and_update_LOAD_ID</parameter>
                        <parameter name="GUID" source="constant" updatable="true">khFjcwPNAYqk33v8ia62yv</parameter>
                        <parameter name="Task Type" source="constant" updatable="true">MCT</parameter>
                        <parameter name="Has Inout Parameters" source="constant" updatable="true">true</parameter>
                        <parameter name="taskField" source="nested">
                           <operation source="field" to="mt-Try-to-Get-and-update-LOAD-ID">temp.Try_to_Get_and_update_LOAD_ID</operation>
                        </parameter>
                     </serviceInput>
                     <serviceOutput>
                        <operation source="field"
                                   to="temp.Try_to_Get_and_update_LOAD_ID/output/Object_Name">Object Name</operation>
                        <operation source="field" to="temp.Try_to_Get_and_update_LOAD_ID/output/Run_Id">Run Id</operation>
                        <operation source="field" to="temp.Try_to_Get_and_update_LOAD_ID/output/Log_Id">Log Id</operation>
                        <operation source="field"
                                   to="temp.Try_to_Get_and_update_LOAD_ID/output/Task_Status">Task Status</operation>
                        <operation source="field"
                                   to="temp.Try_to_Get_and_update_LOAD_ID/output/Success_Source_Rows">Success Source Rows</operation>
                        <operation source="field"
                                   to="temp.Try_to_Get_and_update_LOAD_ID/output/Failed_Source_Rows">Failed Source Rows</operation>
                        <operation source="field"
                                   to="temp.Try_to_Get_and_update_LOAD_ID/output/Success_Target_Rows">Success Target Rows</operation>
                        <operation source="field"
                                   to="temp.Try_to_Get_and_update_LOAD_ID/output/Failed_Target_Rows">Failed Target Rows</operation>
                        <operation source="field"
                                   to="temp.Try_to_Get_and_update_LOAD_ID/output/Start_Time">Start Time</operation>
                        <operation source="field" to="temp.Try_to_Get_and_update_LOAD_ID/output/End_Time">End Time</operation>
                        <operation source="field"
                                   to="temp.Try_to_Get_and_update_LOAD_ID/output/Error_Message">Error Message</operation>
                        <operation source="field" to="temp.Try_to_Get_and_update_LOAD_ID/inout/io_RUN_ID">io_RUN_ID</operation>
                        <operation source="field"
                                   to="temp.Try_to_Get_and_update_LOAD_ID/inout/io_CONFIG_ID">io_CONFIG_ID</operation>
                        <operation source="field" to="temp.Try_to_Get_and_update_LOAD_ID/inout/io_LOAD_ID">io_LOAD_ID</operation>
                        <operation source="field"
                                   to="temp.Try_to_Get_and_update_LOAD_ID/inout/io_IN_PROCESS_GROUP">io_IN_PROCESS_GROUP</operation>
                        <operation source="field"
                                   to="temp.Try_to_Get_and_update_LOAD_ID/inout/io_tgtTabName">io_tgtTabName</operation>
                        <operation source="field" to="temp.Try_to_Get_and_update_LOAD_ID/inout/io_tgt_Nr">io_tgt_Nr</operation>
                     </serviceOutput>
                  </service>
                  <link id="k1m3lhiz" targetId="k1m3lhiy"/>
                  <events>
                     <catch faultField="temp.Try_to_Get_and_update_LOAD_ID/fault"
                            id="k0psou1f"
                            interrupting="true"
                            name="error">
                        <suspend/>
                     </catch>
                     <catch faultField="temp.Try_to_Get_and_update_LOAD_ID/fault"
                            id="k0psou1g"
                            interrupting="true"
                            name="warning"/>
                  </events>
               </eventContainer>
               <container id="k0eehts9" type="exclusive">
                  <title>Is only 1 Row Updated?</title>
                  <flow id="k0eehtsd">
                     <container id="k1c6pt57" type="exclusive">
                        <title>Decision Which Table?</title>
                        <flow id="k1m60i1n">
                           <assignment id="k1m60iff">
                              <title>Assign_vars_WAREHOUSE_CITIES</title>
                              <operation source="field"
                                         to="temp.load src2stg SRC1_WAREHOUSE_CITIES[1]/inout[1]/io_META_LOAD_ID">input.CURRENT_LOAD_ID</operation>
                              <operation source="field"
                                         to="temp.load src2stg SRC1_WAREHOUSE_CITIES[1]/inout[1]/io_META_RUN_ID">input.RUN_ID</operation>
                              <operation source="field"
                                         to="temp.load src2stg SRC1_WAREHOUSE_CITIES[1]/inout[1]/io_META_SOURCE_ID">input.SOURCE_ID</operation>
                              <link id="k1m60j0w" targetId="k1m60iv0"/>
                           </assignment>
                           <assignment id="k1m60jlr">
                              <title>Assign load Stats SRC1_WAREHOUSE_CITIES</title>
                              <operation source="constant"
                                         to="temp.Update_LOAD_ID_Status[1]/inout[1]/io_COUNT_INSERTED">{$temp.loadsrc2stgSRC1_WAREHOUSE_CITIES[1]/output[1]/Success_Target_Rows}</operation>
                              <operation source="constant"
                                         to="temp.Update_LOAD_ID_Status[1]/inout[1]/io_COUNT_REJECTED">{$temp.loadsrc2stgSRC1_WAREHOUSE_CITIES[1]/output[1]/Failed_Target_Rows}</operation>
                              <operation source="constant"
                                         to="temp.Update_LOAD_ID_Status[1]/inout[1]/io_RUNTIME_TASK_NAME">{$temp.loadsrc2stgSRC1_WAREHOUSE_CITIES[1]/output[1]/Object_Name}</operation>
                           </assignment>
                           <eventContainer id="k1m60iv0">
                              <service id="k1m60iv4">
                                 <title>load src2stg SRC1_WAREHOUSE_CITIES</title>
                                 <serviceName>ICSExecuteDataTask</serviceName>
                                 <serviceGUID/>
                                 <serviceInput>
                                    <parameter name="Wait for Task to Complete" source="constant" updatable="true">true</parameter>
                                    <parameter name="Max Wait" source="constant" updatable="true">604800</parameter>
                                    <parameter name="Task Name" source="constant" updatable="true">mt_WAREHOUSE_To_SRC1_WAREHOUSE_CITIES</parameter>
                                    <parameter name="GUID" source="constant" updatable="true">aLKWIjDrYhokcvrGMuwrKe</parameter>
                                    <parameter name="Task Type" source="constant" updatable="true">MCT</parameter>
                                    <parameter name="Has Inout Parameters" source="constant" updatable="true">true</parameter>
                                    <parameter name="taskField" source="nested">
                                       <operation source="field" to="mt-EUIGRID-To-isn-EUIGRID">temp.load src2stg SRC1_WAREHOUSE_CITIES</operation>
                                    </parameter>
                                 </serviceInput>
                                 <serviceOutput>
                                    <operation source="field"
                                               to="temp.load src2stg SRC1_WAREHOUSE_CITIES/output/Object_Name">Object Name</operation>
                                    <operation source="field"
                                               to="temp.load src2stg SRC1_WAREHOUSE_CITIES/output/Run_Id">Run Id</operation>
                                    <operation source="field"
                                               to="temp.load src2stg SRC1_WAREHOUSE_CITIES/output/Log_Id">Log Id</operation>
                                    <operation source="field"
                                               to="temp.load src2stg SRC1_WAREHOUSE_CITIES/output/Task_Id">Task Id</operation>
                                    <operation source="field"
                                               to="temp.load src2stg SRC1_WAREHOUSE_CITIES/output/Task_Status">Task Status</operation>
                                    <operation source="field"
                                               to="temp.load src2stg SRC1_WAREHOUSE_CITIES/output/Success_Source_Rows">Success Source Rows</operation>
                                    <operation source="field"
                                               to="temp.load src2stg SRC1_WAREHOUSE_CITIES/output/Failed_Source_Rows">Failed Source Rows</operation>
                                    <operation source="field"
                                               to="temp.load src2stg SRC1_WAREHOUSE_CITIES/output/Success_Target_Rows">Success Target Rows</operation>
                                    <operation source="field"
                                               to="temp.load src2stg SRC1_WAREHOUSE_CITIES/output/Failed_Target_Rows">Failed Target Rows</operation>
                                    <operation source="field"
                                               to="temp.load src2stg SRC1_WAREHOUSE_CITIES/output/Start_Time">Start Time</operation>
                                    <operation source="field"
                                               to="temp.load src2stg SRC1_WAREHOUSE_CITIES/output/End_Time">End Time</operation>
                                    <operation source="field"
                                               to="temp.load src2stg SRC1_WAREHOUSE_CITIES/output/Error_Message">Error Message</operation>
                                    <operation source="field"
                                               to="temp.load src2stg SRC1_WAREHOUSE_CITIES/output/TotalTransErrors">Total Transformation Errors</operation>
                                    <operation source="field"
                                               to="temp.load src2stg SRC1_WAREHOUSE_CITIES/output/FirstErrorCode">First Error Code</operation>
                                    <operation source="field"
                                               to="temp.load src2stg SRC1_WAREHOUSE_CITIES/inout/io_META_RUN_ID">io_META_RUN_ID</operation>
                                    <operation source="field"
                                               to="temp.load src2stg SRC1_WAREHOUSE_CITIES/inout/io_META_SOURCE_ID">io_META_SOURCE_ID</operation>
                                    <operation source="field"
                                               to="temp.load src2stg SRC1_WAREHOUSE_CITIES/inout/io_META_LOAD_ID">io_META_LOAD_ID</operation>
                                 </serviceOutput>
                              </service>
                              <flow id="k1m60iv1">
                                 <link id="k1m60iv7" targetId="k1m60iv0" type="containerLink"/>
                              </flow>
                              <flow id="k1m60iv2">
                                 <assignment id="k1m60iv3">
                                    <title>Write Error Status and Code SRC1_WAREHOUSE_CITIES</title>
                                    <operation source="constant" to="input.PROCESS_STATUS">ERROR</operation>
                                    <operation source="constant" to="input.ERROR_CODE">{$temp.loadsrc2stgSRC1_WAREHOUSE_CITIES[1]/fault[1]/reason}</operation>
                                 </assignment>
                                 <link id="k1m60iv8" targetId="k1m60iv0" type="containerLink"/>
                              </flow>
                              <link id="k1m60iv5" targetId="k1m60iv1" type="containerLink"/>
                              <link id="k1m60jqm" targetId="k1m60jlr"/>
                              <events>
                                 <catch faultField="temp.load src2stg SRC1_WAREHOUSE_CITIES/fault"
                                        id="k1ck4f7y"
                                        interrupting="true"
                                        name="error">
                                    <link id="k1m60iv6" targetId="k1m60iv2" type="containerLink"/>
                                 </catch>
                                 <catch faultField="temp.load src2stg SRC1_WAREHOUSE_CITIES/fault"
                                        id="k1ck4f7z"
                                        interrupting="true"
                                        name="warning"/>
                              </events>
                           </eventContainer>
                           <link id="k1m60i1o" targetId="k1c6pt57" type="containerLink"/>
                        </flow>
                        <flow id="k1ml3h37">
                           <assignment id="k1ml3itb">
                              <title>Assign_vars_SRC1_WAREHOUSE_STATES</title>
                              <operation source="field"
                                         to="temp.load src2stg SRC1_WAREHOUSE_STATES[1]/inout[1]/io_META_LOAD_ID">input.CURRENT_LOAD_ID</operation>
                              <operation source="field"
                                         to="temp.load src2stg SRC1_WAREHOUSE_STATES[1]/inout[1]/io_META_RUN_ID">input.RUN_ID</operation>
                              <operation source="field"
                                         to="temp.load src2stg SRC1_WAREHOUSE_STATES[1]/inout[1]/io_META_SOURCE_ID">input.SOURCE_ID</operation>
                              <link id="k1ml3itc" targetId="k1ml3icz"/>
                           </assignment>
                           <assignment id="k1ml3hy0">
                              <title>Assign load Stats SRC1_WAREHOUSE_STATES</title>
                              <operation source="constant"
                                         to="temp.Update_LOAD_ID_Status[1]/inout[1]/io_COUNT_INSERTED">{$temp.loadsrc2stgSRC1_WAREHOUSE_STATES[1]/output[1]/Success_Target_Rows}</operation>
                              <operation source="constant"
                                         to="temp.Update_LOAD_ID_Status[1]/inout[1]/io_COUNT_REJECTED">{$temp.loadsrc2stgSRC1_WAREHOUSE_STATES[1]/output[1]/Failed_Target_Rows}</operation>
                              <operation source="constant"
                                         to="temp.Update_LOAD_ID_Status[1]/inout[1]/io_RUNTIME_TASK_NAME">{$temp.loadsrc2stgSRC1_WAREHOUSE_STATES[1]/output[1]/Object_Name}</operation>
                           </assignment>
                           <eventContainer id="k1ml3icz">
                              <service id="k1ml3id3">
                                 <title>load src2stg SRC1_WAREHOUSE_STATES</title>
                                 <serviceName>ICSExecuteDataTask</serviceName>
                                 <serviceGUID/>
                                 <serviceInput>
                                    <parameter name="Wait for Task to Complete" source="constant" updatable="true">true</parameter>
                                    <parameter name="Max Wait" source="constant" updatable="true">604800</parameter>
                                    <parameter name="Task Name" source="constant" updatable="true">mt_WAREHOUSE_To_SRC1_WAREHOUSE_STATES</parameter>
                                    <parameter name="GUID" source="constant" updatable="true">01Mlu8qSQDDiLlkHQfIam4</parameter>
                                    <parameter name="Task Type" source="constant" updatable="true">MCT</parameter>
                                    <parameter name="Has Inout Parameters" source="constant" updatable="true">true</parameter>
                                    <parameter name="taskField" source="nested">
                                       <operation source="field" to="mt-WAREHOUSE-To-SRC1-WAREHOUSE-STATES">temp.load src2stg SRC1_WAREHOUSE_STATES</operation>
                                    </parameter>
                                 </serviceInput>
                                 <serviceOutput>
                                    <operation source="field"
                                               to="temp.load src2stg SRC1_WAREHOUSE_STATES/output/Object_Name">Object Name</operation>
                                    <operation source="field"
                                               to="temp.load src2stg SRC1_WAREHOUSE_STATES/output/Run_Id">Run Id</operation>
                                    <operation source="field"
                                               to="temp.load src2stg SRC1_WAREHOUSE_STATES/output/Log_Id">Log Id</operation>
                                    <operation source="field"
                                               to="temp.load src2stg SRC1_WAREHOUSE_STATES/output/Task_Id">Task Id</operation>
                                    <operation source="field"
                                               to="temp.load src2stg SRC1_WAREHOUSE_STATES/output/Task_Status">Task Status</operation>
                                    <operation source="field"
                                               to="temp.load src2stg SRC1_WAREHOUSE_STATES/output/Success_Source_Rows">Success Source Rows</operation>
                                    <operation source="field"
                                               to="temp.load src2stg SRC1_WAREHOUSE_STATES/output/Failed_Source_Rows">Failed Source Rows</operation>
                                    <operation source="field"
                                               to="temp.load src2stg SRC1_WAREHOUSE_STATES/output/Success_Target_Rows">Success Target Rows</operation>
                                    <operation source="field"
                                               to="temp.load src2stg SRC1_WAREHOUSE_STATES/output/Failed_Target_Rows">Failed Target Rows</operation>
                                    <operation source="field"
                                               to="temp.load src2stg SRC1_WAREHOUSE_STATES/output/Start_Time">Start Time</operation>
                                    <operation source="field"
                                               to="temp.load src2stg SRC1_WAREHOUSE_STATES/output/End_Time">End Time</operation>
                                    <operation source="field"
                                               to="temp.load src2stg SRC1_WAREHOUSE_STATES/output/Error_Message">Error Message</operation>
                                    <operation source="field"
                                               to="temp.load src2stg SRC1_WAREHOUSE_STATES/output/TotalTransErrors">Total Transformation Errors</operation>
                                    <operation source="field"
                                               to="temp.load src2stg SRC1_WAREHOUSE_STATES/output/FirstErrorCode">First Error Code</operation>
                                    <operation source="field"
                                               to="temp.load src2stg SRC1_WAREHOUSE_STATES/inout/io_META_RUN_ID">io_META_RUN_ID</operation>
                                    <operation source="field"
                                               to="temp.load src2stg SRC1_WAREHOUSE_STATES/inout/io_META_SOURCE_ID">io_META_SOURCE_ID</operation>
                                    <operation source="field"
                                               to="temp.load src2stg SRC1_WAREHOUSE_STATES/inout/io_META_LOAD_ID">io_META_LOAD_ID</operation>
                                 </serviceOutput>
                              </service>
                              <flow id="k1ml3id0">
                                 <link id="k1ml3id6" targetId="k1ml3icz" type="containerLink"/>
                              </flow>
                              <flow id="k1ml3id1">
                                 <assignment id="k1ml3id2">
                                    <title>Write Error Status and Code SRC1_WAREHOUSE_STATES</title>
                                    <operation source="constant" to="input.PROCESS_STATUS">ERROR</operation>
                                    <operation source="constant" to="input.ERROR_CODE">{$temp.loadsrc2stgSRC1_WAREHOUSE_STATES[1]/fault[1]/reason}</operation>
                                 </assignment>
                                 <link id="k1ml3id7" targetId="k1ml3icz" type="containerLink"/>
                              </flow>
                              <link id="k1ml3id4" targetId="k1ml3id0" type="containerLink"/>
                              <link id="k1ml3id8" targetId="k1ml3hy0"/>
                              <events>
                                 <catch faultField="temp.load src2stg SRC1_WAREHOUSE_STATES/fault"
                                        id="k1ck4f7y"
                                        interrupting="true"
                                        name="error">
                                    <link id="k1ml3id5" targetId="k1ml3id1" type="containerLink"/>
                                 </catch>
                                 <catch faultField="temp.load src2stg SRC1_WAREHOUSE_STATES/fault"
                                        id="k1ck4f7z"
                                        interrupting="true"
                                        name="warning"/>
                              </events>
                           </eventContainer>
                           <link id="k1ml3h38" targetId="k1c6pt57" type="containerLink"/>
                        </flow>
                        <flow id="k1ml3h39">
                           <assignment id="k1ml3j0m">
                              <title>Assign_vars_SRC1_BUSINESS_REASON</title>
                              <operation source="field"
                                         to="temp.load src2stg SRC1_BUSINESS_REASON[1]/inout[1]/io_META_LOAD_ID">input.CURRENT_LOAD_ID</operation>
                              <operation source="field"
                                         to="temp.load src2stg SRC1_BUSINESS_REASON[1]/inout[1]/io_META_RUN_ID">input.RUN_ID</operation>
                              <operation source="field"
                                         to="temp.load src2stg SRC1_BUSINESS_REASON[1]/inout[1]/io_META_SOURCE_ID">input.SOURCE_ID</operation>
                              <link id="k1ml3j0n" targetId="k1ml3ikd"/>
                           </assignment>
                           <assignment id="k1ml3i4q">
                              <title>Assign load Stats SRC1_BUSINESS_REASON</title>
                              <operation source="constant"
                                         to="temp.Update_LOAD_ID_Status[1]/inout[1]/io_COUNT_INSERTED">{$temp.loadsrc2stgSRC1_BUSINESS_REASON[1]/output[1]/Success_Target_Rows}</operation>
                              <operation source="constant"
                                         to="temp.Update_LOAD_ID_Status[1]/inout[1]/io_COUNT_REJECTED">{$temp.loadsrc2stgSRC1_BUSINESS_REASON[1]/output[1]/Failed_Target_Rows}</operation>
                              <operation source="constant"
                                         to="temp.Update_LOAD_ID_Status[1]/inout[1]/io_RUNTIME_TASK_NAME">{$temp.loadsrc2stgSRC1_BUSINESS_REASON[1]/output[1]/Object_Name}</operation>
                           </assignment>
                           <eventContainer id="k1ml3ikd">
                              <service id="k1ml3ikh">
                                 <title>load src2stg SRC1_BUSINESS_REASON</title>
                                 <serviceName>ICSExecuteDataTask</serviceName>
                                 <serviceGUID/>
                                 <serviceInput>
                                    <parameter name="Wait for Task to Complete" source="constant" updatable="true">true</parameter>
                                    <parameter name="Max Wait" source="constant" updatable="true">604800</parameter>
                                    <parameter name="Task Name" source="constant" updatable="true">mt_REASON_To_SRC1_BUSINESS_REASON</parameter>
                                    <parameter name="GUID" source="constant" updatable="true">cfpr58M6ukZivu87Braf0N</parameter>
                                    <parameter name="Task Type" source="constant" updatable="true">MCT</parameter>
                                    <parameter name="Has Inout Parameters" source="constant" updatable="true">true</parameter>
                                    <parameter name="taskField" source="nested">
                                       <operation source="field" to="mt-REASON-To-SRC1-BUSINESS-REASON">temp.load src2stg SRC1_BUSINESS_REASON</operation>
                                    </parameter>
                                 </serviceInput>
                                 <serviceOutput>
                                    <operation source="field"
                                               to="temp.load src2stg SRC1_BUSINESS_REASON/output/Object_Name">Object Name</operation>
                                    <operation source="field"
                                               to="temp.load src2stg SRC1_BUSINESS_REASON/output/Run_Id">Run Id</operation>
                                    <operation source="field"
                                               to="temp.load src2stg SRC1_BUSINESS_REASON/output/Log_Id">Log Id</operation>
                                    <operation source="field"
                                               to="temp.load src2stg SRC1_BUSINESS_REASON/output/Task_Id">Task Id</operation>
                                    <operation source="field"
                                               to="temp.load src2stg SRC1_BUSINESS_REASON/output/Task_Status">Task Status</operation>
                                    <operation source="field"
                                               to="temp.load src2stg SRC1_BUSINESS_REASON/output/Success_Source_Rows">Success Source Rows</operation>
                                    <operation source="field"
                                               to="temp.load src2stg SRC1_BUSINESS_REASON/output/Failed_Source_Rows">Failed Source Rows</operation>
                                    <operation source="field"
                                               to="temp.load src2stg SRC1_BUSINESS_REASON/output/Success_Target_Rows">Success Target Rows</operation>
                                    <operation source="field"
                                               to="temp.load src2stg SRC1_BUSINESS_REASON/output/Failed_Target_Rows">Failed Target Rows</operation>
                                    <operation source="field"
                                               to="temp.load src2stg SRC1_BUSINESS_REASON/output/Start_Time">Start Time</operation>
                                    <operation source="field"
                                               to="temp.load src2stg SRC1_BUSINESS_REASON/output/End_Time">End Time</operation>
                                    <operation source="field"
                                               to="temp.load src2stg SRC1_BUSINESS_REASON/output/Error_Message">Error Message</operation>
                                    <operation source="field"
                                               to="temp.load src2stg SRC1_BUSINESS_REASON/output/TotalTransErrors">Total Transformation Errors</operation>
                                    <operation source="field"
                                               to="temp.load src2stg SRC1_BUSINESS_REASON/output/FirstErrorCode">First Error Code</operation>
                                    <operation source="field"
                                               to="temp.load src2stg SRC1_BUSINESS_REASON/inout/io_META_RUN_ID">io_META_RUN_ID</operation>
                                    <operation source="field"
                                               to="temp.load src2stg SRC1_BUSINESS_REASON/inout/io_META_SOURCE_ID">io_META_SOURCE_ID</operation>
                                    <operation source="field"
                                               to="temp.load src2stg SRC1_BUSINESS_REASON/inout/io_META_LOAD_ID">io_META_LOAD_ID</operation>
                                 </serviceOutput>
                              </service>
                              <flow id="k1ml3ike">
                                 <link id="k1ml3ikk" targetId="k1ml3ikd" type="containerLink"/>
                              </flow>
                              <flow id="k1ml3ikf">
                                 <assignment id="k1ml3ikg">
                                    <title>Write Error Status and Code SRC1_BUSINESS_REASON</title>
                                    <operation source="constant" to="input.PROCESS_STATUS">ERROR</operation>
                                    <operation source="constant" to="input.ERROR_CODE">{$temp.loadsrc2stgSRC1_BUSINESS_REASON[1]/fault[1]/reason}</operation>
                                 </assignment>
                                 <link id="k1ml3ikl" targetId="k1ml3ikd" type="containerLink"/>
                              </flow>
                              <link id="k1ml3iki" targetId="k1ml3ike" type="containerLink"/>
                              <link id="k1ml3ikm" targetId="k1ml3i4q"/>
                              <events>
                                 <catch faultField="temp.load src2stg SRC1_BUSINESS_REASON/fault"
                                        id="k1ck4f7y"
                                        interrupting="true"
                                        name="error">
                                    <link id="k1ml3ikj" targetId="k1ml3ikf" type="containerLink"/>
                                 </catch>
                                 <catch faultField="temp.load src2stg SRC1_BUSINESS_REASON/fault"
                                        id="k1ck4f7z"
                                        interrupting="true"
                                        name="warning"/>
                              </events>
                           </eventContainer>
                           <link id="k1ml3h3a" targetId="k1c6pt57" type="containerLink"/>
                        </flow>
                        <flow id="k1dlifg5">
                           <link id="k1dlifg6" targetId="k1c6pt57" type="containerLink"/>
                        </flow>
                        <link id="k1m60i1i" targetId="k1m60i1n" type="containerLink">
                           <condition source="formula">
                              <function name="string-equals">
                                 <arg name="left">{$temp.Try_to_Get_and_update_LOAD_ID[1]/inout[1]/io_tgtTabName}</arg>
                                 <arg name="right">SRC1_WAREHOUSE_CITIES</arg>
                              </function>
                           </condition>
                        </link>
                        <link id="k1ml3h33" targetId="k1ml3h37" type="containerLink">
                           <condition source="formula">
                              <function name="string-equals">
                                 <arg name="left">{$temp.Try_to_Get_and_update_LOAD_ID[1]/inout[1]/io_tgtTabName}</arg>
                                 <arg name="right">SRC1_WAREHOUSE_STATES</arg>
                              </function>
                           </condition>
                        </link>
                        <link id="k1ml3h34" targetId="k1ml3h39" type="containerLink">
                           <condition source="formula">
                              <function name="string-equals">
                                 <arg name="left">{$temp.Try_to_Get_and_update_LOAD_ID[1]/inout[1]/io_tgtTabName}</arg>
                                 <arg name="right">SRC1_REASON_BUSINESS</arg>
                              </function>
                           </condition>
                        </link>
                        <link id="lkmw1t34" targetId="lkmw1t33"/>
                        <link id="k1dlifg4" targetId="k1dlifg5" type="containerLink"/>
                     </container>
                     <assignment id="lkmw1t33">
                        <title>Assign_Update_Status_vars</title>
                        <operation source="field" to="temp.Update_LOAD_ID_Status[1]/inout[1]/io_LOAD_ID">input.CURRENT_LOAD_ID</operation>
                        <operation source="field"
                                   to="temp.Update_LOAD_ID_Status[1]/inout[1]/io_ERROR_CODE">input.ERROR_CODE</operation>
                        <operation source="formula"
                                   to="temp.Update_LOAD_ID_Status[1]/inout[1]/io_COUNT_DELETED">
                           <expression language="XQuery">0</expression>
                        </operation>
                        <operation source="formula"
                                   to="temp.Update_LOAD_ID_Status[1]/inout[1]/io_COUNT_UPDATED">
                           <expression language="XQuery">0</expression>
                        </operation>
                        <link id="lkmw1t35" targetId="k0qg8aon"/>
                     </assignment>
                     <eventContainer id="k0qg8aon">
                        <service id="k0qg8anq">
                           <title>Update_LOAD_ID_Status</title>
                           <serviceName>ICSExecuteDataTask</serviceName>
                           <serviceGUID/>
                           <serviceInput>
                              <parameter name="Wait for Task to Complete" source="constant" updatable="true">true</parameter>
                              <parameter name="Max Wait" source="constant" updatable="true">86400</parameter>
                              <parameter name="Task Name" source="constant" updatable="true">mt_update_LOAD_ID_status</parameter>
                              <parameter name="GUID" source="constant" updatable="true">0ueqmQQxD1DhFhBjb8V8cs</parameter>
                              <parameter name="Task Type" source="constant" updatable="true">MCT</parameter>
                              <parameter name="Has Inout Parameters" source="constant" updatable="true">true</parameter>
                              <parameter name="taskField" source="nested">
                                 <operation source="field" to="mt-update-LOAD-ID-status">temp.Update_LOAD_ID_Status</operation>
                              </parameter>
                           </serviceInput>
                           <serviceOutput>
                              <operation source="field" to="temp.Update_LOAD_ID_Status/output/Object_Name">Object Name</operation>
                              <operation source="field" to="temp.Update_LOAD_ID_Status/output/Run_Id">Run Id</operation>
                              <operation source="field" to="temp.Update_LOAD_ID_Status/output/Log_Id">Log Id</operation>
                              <operation source="field" to="temp.Update_LOAD_ID_Status/output/Task_Status">Task Status</operation>
                              <operation source="field"
                                         to="temp.Update_LOAD_ID_Status/output/Success_Source_Rows">Success Source Rows</operation>
                              <operation source="field"
                                         to="temp.Update_LOAD_ID_Status/output/Failed_Source_Rows">Failed Source Rows</operation>
                              <operation source="field"
                                         to="temp.Update_LOAD_ID_Status/output/Success_Target_Rows">Success Target Rows</operation>
                              <operation source="field"
                                         to="temp.Update_LOAD_ID_Status/output/Failed_Target_Rows">Failed Target Rows</operation>
                              <operation source="field" to="temp.Update_LOAD_ID_Status/output/Start_Time">Start Time</operation>
                              <operation source="field" to="temp.Update_LOAD_ID_Status/output/End_Time">End Time</operation>
                              <operation source="field" to="temp.Update_LOAD_ID_Status/output/Error_Message">Error Message</operation>
                              <operation source="field" to="temp.Update_LOAD_ID_Status/inout/io_LOAD_ID">io_LOAD_ID</operation>
                              <operation source="field" to="temp.Update_LOAD_ID_Status/inout/io_STATUS">io_STATUS</operation>
                              <operation source="field" to="temp.Update_LOAD_ID_Status/inout/io_COUNT_INSERTED">io_COUNT_INSERTED</operation>
                              <operation source="field" to="temp.Update_LOAD_ID_Status/inout/io_COUNT_DELETED">io_COUNT_DELETED</operation>
                              <operation source="field" to="temp.Update_LOAD_ID_Status/inout/io_COUNT_UPDATED">io_COUNT_UPDATED</operation>
                              <operation source="field" to="temp.Update_LOAD_ID_Status/inout/io_COUNT_REJECTED">io_COUNT_REJECTED</operation>
                              <operation source="field" to="temp.Update_LOAD_ID_Status/inout/io_ERROR_CODE">io_ERROR_CODE</operation>
                           </serviceOutput>
                        </service>
                        <link id="k1ck4fdp" targetId="k1ck4fdn"/>
                        <events>
                           <catch faultField="temp.Update_LOAD_ID_Status/fault"
                                  id="k0qg8aol"
                                  interrupting="true"
                                  name="error">
                              <suspend/>
                           </catch>
                           <catch faultField="temp.Update_LOAD_ID_Status/fault"
                                  id="k0qg8aom"
                                  interrupting="true"
                                  name="warning"/>
                        </events>
                     </eventContainer>
                     <jumpTo id="k1ck4fdn">
                        <link id="k1ck4fdo" targetId="jzwzcvsx"/>
                     </jumpTo>
                  </flow>
                  <flow id="k0eehtsg">
                     <link id="k1c6pt40" targetId="k0eehts9" type="containerLink"/>
                  </flow>
                  <link id="k0eehtsc" targetId="k0eehtsd" type="containerLink">
                     <condition source="formula">
                        <function name="equals">
                           <arg name="left">{$temp.Try_to_Get_and_update_LOAD_ID[1]/output[1]/Success_Target_Rows}</arg>
                           <arg name="right">{1}</arg>
                        </function>
                     </condition>
                  </link>
                  <link id="k0eehtsf" targetId="k0eehtsg" type="containerLink"/>
                  <link id="k1c6pt3h" targetId="k1c6pt3g"/>
               </container>
               <end id="k1c6pt3g">
                  <title>End 1</title>
               </end>
            </flow>
            <dependencies>
               <processObject xmlns="http://schemas.active-endpoints.com/appmodules/screenflow/2011/06/avosHostEnvironment.xsd"
                              displayName="mt-Try-to-Get-and-update-LOAD-ID"
                              isByCopy="true"
                              name="mt-Try-to-Get-and-update-LOAD-ID">
                  <description/>
                  <tags/>
                  <detail>
                     <field label="InOut Parameters"
                            name="inout"
                            nullable="true"
                            required="false"
                            type="reference"/>
                     <field label="TaskProperties Parameters"
                            name="taskProperties"
                            nullable="true"
                            required="false"
                            type="reference"/>
                     <field label="Output Parameters"
                            name="output"
                            nullable="true"
                            required="false"
                            type="reference"/>
                     <field label="Fault"
                            name="fault"
                            nullable="true"
                            required="false"
                            type="reference"/>
                     <field label="Max Wait (Seconds)"
                            name="Max_Wait"
                            nullable="true"
                            required="false"
                            type="int"/>
                  </detail>
               </processObject>
               <processObject xmlns="http://schemas.active-endpoints.com/appmodules/screenflow/2011/06/avosHostEnvironment.xsd"
                              displayName="mt-update-LOAD-ID-status"
                              isByCopy="true"
                              name="mt-update-LOAD-ID-status">
                  <description/>
                  <tags/>
                  <detail>
                     <field label="InOut Parameters"
                            name="inout"
                            nullable="true"
                            required="false"
                            type="reference"/>
                     <field label="TaskProperties Parameters"
                            name="taskProperties"
                            nullable="true"
                            required="false"
                            type="reference"/>
                     <field label="Output Parameters"
                            name="output"
                            nullable="true"
                            required="false"
                            type="reference"/>
                     <field label="Fault"
                            name="fault"
                            nullable="true"
                            required="false"
                            type="reference"/>
                     <field label="Max Wait (Seconds)"
                            name="Max_Wait"
                            nullable="true"
                            required="false"
                            type="int"/>
                  </detail>
               </processObject>
               <processObject xmlns="http://schemas.active-endpoints.com/appmodules/screenflow/2011/06/avosHostEnvironment.xsd"
                              displayName="mt-WAREHOUSE-To-SRC1-WAREHOUSE-STATES"
                              isByCopy="true"
                              name="mt-WAREHOUSE-To-SRC1-WAREHOUSE-STATES">
                  <description/>
                  <tags/>
                  <detail>
                     <field label="InOut Parameters"
                            name="inout"
                            nullable="true"
                            required="false"
                            type="reference"/>
                     <field label="TaskProperties Parameters"
                            name="taskProperties"
                            nullable="true"
                            required="false"
                            type="reference"/>
                     <field label="Output Parameters"
                            name="output"
                            nullable="true"
                            required="false"
                            type="reference"/>
                     <field label="Fault"
                            name="fault"
                            nullable="true"
                            required="false"
                            type="reference"/>
                     <field label="Max Wait (Seconds)"
                            name="Max_Wait"
                            nullable="true"
                            required="false"
                            type="int"/>
                  </detail>
               </processObject>
               <processObject xmlns="http://schemas.active-endpoints.com/appmodules/screenflow/2011/06/avosHostEnvironment.xsd"
                              displayName="mt-WAREHOUSE-To-SRC1-WAREHOUSE-CITIES"
                              isByCopy="true"
                              name="mt-WAREHOUSE-To-SRC1-WAREHOUSE-CITIES">
                  <description/>
                  <tags/>
                  <detail>
                     <field label="InOut Parameters"
                            name="inout"
                            nullable="true"
                            required="false"
                            type="reference"/>
                     <field label="TaskProperties Parameters"
                            name="taskProperties"
                            nullable="true"
                            required="false"
                            type="reference"/>
                     <field label="Output Parameters"
                            name="output"
                            nullable="true"
                            required="false"
                            type="reference"/>
                     <field label="Fault"
                            name="fault"
                            nullable="true"
                            required="false"
                            type="reference"/>
                     <field label="Max Wait (Seconds)"
                            name="Max_Wait"
                            nullable="true"
                            required="false"
                            type="int"/>
                  </detail>
               </processObject>
               <processObject xmlns="http://schemas.active-endpoints.com/appmodules/screenflow/2011/06/avosHostEnvironment.xsd"
                              displayName="mt-REASON-To-SRC1-BUSINESS-REASON"
                              isByCopy="true"
                              name="mt-REASON-To-SRC1-BUSINESS-REASON">
                  <description/>
                  <tags/>
                  <detail>
                     <field label="InOut Parameters"
                            name="inout"
                            nullable="true"
                            required="false"
                            type="reference"/>
                     <field label="TaskProperties Parameters"
                            name="taskProperties"
                            nullable="true"
                            required="false"
                            type="reference"/>
                     <field label="Output Parameters"
                            name="output"
                            nullable="true"
                            required="false"
                            type="reference"/>
                     <field label="Fault"
                            name="fault"
                            nullable="true"
                            required="false"
                            type="reference"/>
                     <field label="Max Wait (Seconds)"
                            name="Max_Wait"
                            nullable="true"
                            required="false"
                            type="int"/>
                  </detail>
               </processObject>
            </dependencies>
         </taskflow>
      </types1:Entry>
      <types1:GUID>9Hq3krJiFgihW7LODN8hae</types1:GUID>
      <types1:DisplayName>tf_load_Source1_to_Stage_Custom</types1:DisplayName>
   </types1:Item>
   <types1:CurrentServerDateTime>2025-04-15T09:33:01.854Z</types1:CurrentServerDateTime>
</aetgt:getResponse>
