{
  "name" : "tf_Global_LOAD_Source1_to_Staging-1744708830245",
  "sourceOrgId" : "52hjULxN8oYch8ZJbZcZsS",
  "sourceOrgName" : "Enfint GmbH",
  "exportedObjects" : [ {
    "objectGuid" : "8M2Y3koF0WOkSpkQ5tt6kg",
    "objectName" : "mt_startRUN",
    "objectType" : "MTT",
    "path" : "/Explore/Demo_Project/DEMO_Source1_to_Staging_Standard",
    "metadata" : {
      "modelVersion" : {
        "major" : 0,
        "minor" : 0
      },
      "repoInfo" : {
        "repoHandle" : "011BPE0Z00000000002F"
      },
      "objectRefs" : [ ],
      "contextAttributes" : null,
      "additionalInfo" : {
        "description" : "",
        "contentType" : "JSON",
        "documentState" : "VALID"
      }
    }
  }, {
    "objectGuid" : "a2ETqpEB1LIcHwMGEQEw8X",
    "objectName" : "tf_load_Source1_to_Stage_part_2",
    "objectType" : "TASKFLOW",
    "path" : "/Explore/Demo_Project/DEMO_Source1_to_Staging_Standard",
    "metadata" : {
      "modelVersion" : {
        "major" : 1,
        "minor" : 0
      },
      "repoInfo" : {
        "repoHandle" : "XbeMVX3cjk91pqr-gt-15042588-2023-06-06T17:48:27.806Z::tf.xml"
      },
      "objectRefs" : [ ],
      "contextAttributes" : null,
      "additionalInfo" : {
        "description" : "",
        "contentType" : "application/json; charset=utf-8",
        "documentState" : "VALID"
      }
    }
  }, {
    "objectGuid" : "5Uk8ZnbES8xbWkYq0ZBUge",
    "objectName" : "mt_set_Load_plan",
    "objectType" : "MTT",
    "path" : "/Explore/Demo_Project/DEMO_Source1_to_Staging_Standard",
    "metadata" : {
      "modelVersion" : {
        "major" : 0,
        "minor" : 0
      },
      "repoInfo" : {
        "repoHandle" : "011BPE0Z00000000002M"
      },
      "objectRefs" : [ ],
      "contextAttributes" : null,
      "additionalInfo" : {
        "description" : "",
        "contentType" : "JSON",
        "documentState" : "VALID"
      }
    }
  }, {
    "objectGuid" : "9Hq3krJiFgihW7LODN8hae",
    "objectName" : "tf_load_Source1_to_Stage_Custom",
    "objectType" : "TASKFLOW",
    "path" : "/Explore/Demo_Project/DEMO_Source1_to_Staging_Custom",
    "metadata" : {
      "modelVersion" : {
        "major" : 1,
        "minor" : 0
      },
      "repoInfo" : {
        "repoHandle" : "BnYmWR7hsAVR3aa-gt-15042568-2023-06-06T17:48:27.438Z::tf.xml"
      },
      "objectRefs" : [ ],
      "contextAttributes" : null,
      "additionalInfo" : {
        "description" : "",
        "contentType" : "application/json; charset=utf-8",
        "documentState" : "VALID"
      }
    }
  }, {
    "objectGuid" : "0pxe4KhYP0qeBDILGvIVEK",
    "objectName" : "mt_endRUN",
    "objectType" : "MTT",
    "path" : "/Explore/Demo_Project/DEMO_Source1_to_Staging_Standard",
    "metadata" : {
      "modelVersion" : {
        "major" : 0,
        "minor" : 0
      },
      "repoInfo" : {
        "repoHandle" : "011BPE0Z000000000020"
      },
      "objectRefs" : [ ],
      "contextAttributes" : null,
      "additionalInfo" : {
        "description" : "",
        "contentType" : "JSON",
        "documentState" : "VALID"
      }
    }
  }, {
    "objectGuid" : "2uegFnJJjS2cKfgG4c55Yz",
    "objectName" : "DEMO_Source1_to_Staging_Standard",
    "objectType" : "Folder",
    "path" : "/Explore/Demo_Project",
    "metadata" : {
      "modelVersion" : {
        "major" : 0,
        "minor" : 0
      },
      "repoInfo" : null,
      "objectRefs" : [ ],
      "contextAttributes" : null,
      "additionalInfo" : {
        "description" : "Load Data from Source1 to Staging Area",
        "contentType" : "Binary",
        "documentState" : "COMPLETE"
      }
    }
  }, {
    "objectGuid" : "2675eGWNcQUcqAXJzovxwH",
    "objectName" : "DEMO_00_GLOBAL_TF_Orchestration",
    "objectType" : "Folder",
    "path" : "/Explore/Demo_Project",
    "metadata" : {
      "modelVersion" : {
        "major" : 0,
        "minor" : 0
      },
      "repoInfo" : null,
      "objectRefs" : [ ],
      "contextAttributes" : [ ],
      "additionalInfo" : {
        "description" : "",
        "contentType" : "Binary",
        "documentState" : "COMPLETE"
      }
    }
  }, {
    "objectGuid" : "iUGJs2Y3vszlm4xgl23rS3",
    "objectName" : "DEMO_Source1_to_Staging_Custom",
    "objectType" : "Folder",
    "path" : "/Explore/Demo_Project",
    "metadata" : {
      "modelVersion" : {
        "major" : 0,
        "minor" : 0
      },
      "repoInfo" : null,
      "objectRefs" : [ ],
      "contextAttributes" : null,
      "additionalInfo" : {
        "description" : "",
        "contentType" : "Binary",
        "documentState" : "COMPLETE"
      }
    }
  }, {
    "objectGuid" : "kfIzDpRhtcCfFsLVOTeDMf",
    "objectName" : "Demo_Project",
    "objectType" : "Project",
    "path" : "/Explore",
    "metadata" : {
      "modelVersion" : {
        "major" : 0,
        "minor" : 0
      },
      "repoInfo" : null,
      "objectRefs" : [ ],
      "contextAttributes" : [ ],
      "additionalInfo" : {
        "description" : "",
        "contentType" : "Binary",
        "documentState" : "COMPLETE"
      }
    }
  }, {
    "objectGuid" : "7hdKfpw5akZg4RhwxtJUaw",
    "objectName" : "tf_Global_LOAD_Source1_to_Staging",
    "objectType" : "TASKFLOW",
    "path" : "/Explore/Demo_Project/DEMO_00_GLOBAL_TF_Orchestration",
    "metadata" : {
      "modelVersion" : {
        "major" : 1,
        "minor" : 0
      },
      "repoInfo" : {
        "repoHandle" : "xYi0Nmumf6S3wOL-gt-13785698-2023-06-06T17:48:28.38Z::tf.xml"
      },
      "objectRefs" : [ "8M2Y3koF0WOkSpkQ5tt6kg", "a2ETqpEB1LIcHwMGEQEw8X", "5Uk8ZnbES8xbWkYq0ZBUge", "8EB5275rrqviKzKAbL42uV", "74IqZ9bpUNAiP6fg0P6N6O", "9Hq3krJiFgihW7LODN8hae", "0pxe4KhYP0qeBDILGvIVEK" ],
      "contextAttributes" : null,
      "additionalInfo" : {
        "description" : "",
        "contentType" : "application/json; charset=utf-8",
        "documentState" : "VALID"
      }
    }
  }, {
    "objectGuid" : "8EB5275rrqviKzKAbL42uV",
    "objectName" : "mt_setETL_PARAMS_for_Current_Run",
    "objectType" : "MTT",
    "path" : "/Explore/Demo_Project/DEMO_Source1_to_Staging_Standard",
    "metadata" : {
      "modelVersion" : {
        "major" : 0,
        "minor" : 0
      },
      "repoInfo" : {
        "repoHandle" : "011BPE0Z000000000021"
      },
      "objectRefs" : [ ],
      "contextAttributes" : null,
      "additionalInfo" : {
        "description" : "",
        "contentType" : "JSON",
        "documentState" : "VALID"
      }
    }
  }, {
    "objectGuid" : "74IqZ9bpUNAiP6fg0P6N6O",
    "objectName" : "tf_load_Source1_to_Stage_part_1",
    "objectType" : "TASKFLOW",
    "path" : "/Explore/Demo_Project/DEMO_Source1_to_Staging_Standard",
    "metadata" : {
      "modelVersion" : {
        "major" : 1,
        "minor" : 0
      },
      "repoInfo" : {
        "repoHandle" : "NpeBt0i98C1LOwD-gt-15042578-2023-06-06T17:48:27.634Z::tf.xml"
      },
      "objectRefs" : [ ],
      "contextAttributes" : null,
      "additionalInfo" : {
        "description" : "",
        "contentType" : "application/json; charset=utf-8",
        "documentState" : "VALID"
      }
    }
  } ]
}