{
  "name" : "test_export_c7c64fd8-c90b-490f-a47a-544b994ef326",
  "sourceOrgId" : "52hjULxN8oYch8ZJbZcZsS",
  "sourceOrgName" : "Enfint GmbH",
  "exportedObjects" : [ {
    "objectGuid" : "0vGWEDUKC99fsgVdjwdiQr",
    "objectName" : "ETL Framework",
    "objectType" : "Project",
    "path" : "/Explore",
    "metadata" : {
      "modelVersion" : {
        "major" : 0,
        "minor" : 0
      },
      "repoInfo" : null,
      "objectRefs" : [ ],
      "contextAttributes" : [ ],
      "additionalInfo" : {
        "description" : "",
        "contentType" : "Binary",
        "documentState" : "COMPLETE"
      }
    }
  }, {
    "objectGuid" : "7ytNIqjKXwyj8bk2hGNzYI",
    "objectName" : "mt_startRUN_custom_scen",
    "objectType" : "MTT",
    "path" : "/Explore/ETL Framework/SNE_Transfer_To_Datamarts_Layer_1",
    "metadata" : {
      "modelVersion" : {
        "major" : 0,
        "minor" : 0
      },
      "repoInfo" : {
        "repoHandle" : "011BPE0Z000000000016"
      },
      "objectRefs" : [ "6PVdmuxEuSSfi0FCb1CsS1", "kD94VZkL9cnjxdpLhTZ6a3", "iqoKqrLKAEsgXFL0g8cvcM" ],
      "contextAttributes" : [ {
        "name" : "id",
        "value" : "@1"
      } ],
      "additionalInfo" : {
        "description" : "",
        "contentType" : "JSON",
        "documentState" : "VALID"
      }
    }
  }, {
    "objectGuid" : "6PVdmuxEuSSfi0FCb1CsS1",
    "objectName" : "m_startRUN_insert_new_RUN_ID",
    "objectType" : "DTEMPLATE",
    "path" : "/Explore/ETL Framework/SNE_Transfer_To_Datamarts_Layer_1",
    "metadata" : {
      "modelVersion" : {
        "major" : 0,
        "minor" : 0
      },
      "repoInfo" : {
        "repoHandle" : "011BPE1700000000001H"
      },
      "objectRefs" : [ "kD94VZkL9cnjxdpLhTZ6a3" ],
      "contextAttributes" : [ {
        "name" : "id",
        "value" : "@1"
      } ],
      "additionalInfo" : {
        "description" : "",
        "contentType" : "JSON",
        "documentState" : "VALID"
      }
    }
  }, {
    "objectGuid" : "kD94VZkL9cnjxdpLhTZ6a3",
    "objectName" : "conn_snow_dwh_infa_meta",
    "objectType" : "Connection",
    "path" : "/SYS",
    "metadata" : {
      "modelVersion" : {
        "major" : 0,
        "minor" : 0
      },
      "repoInfo" : {
        "repoHandle" : "011BPE0B00000000000B"
      },
      "objectRefs" : [ "iqoKqrLKAEsgXFL0g8cvcM" ],
      "contextAttributes" : [ {
        "name" : "id",
        "value" : "@1"
      } ],
      "additionalInfo" : {
        "description" : null,
        "contentType" : "JSON",
        "documentState" : "COMPLETE"
      }
    }
  }, {
    "objectGuid" : "iqoKqrLKAEsgXFL0g8cvcM",
    "objectName" : "Informatica Cloud Hosted Agent",
    "objectType" : "AgentGroup",
    "path" : "/SYS",
    "metadata" : {
      "modelVersion" : {
        "major" : 0,
        "minor" : 0
      },
      "repoInfo" : {
        "repoHandle" : "025000000000002"
      },
      "objectRefs" : [ ],
      "contextAttributes" : null,
      "additionalInfo" : {
        "description" : "",
        "contentType" : "JSON",
        "documentState" : "VALID"
      }
    }
  }, {
    "objectGuid" : "9dYYdixqvmjfmZe8jD12yh",
    "objectName" : "SNE_Transfer_To_Datamarts_Layer_1",
    "objectType" : "Folder",
    "path" : "/Explore/ETL Framework",
    "metadata" : {
      "modelVersion" : {
        "major" : 0,
        "minor" : 0
      },
      "repoInfo" : null,
      "objectRefs" : [ ],
      "contextAttributes" : [ ],
      "additionalInfo" : {
        "description" : "",
        "contentType" : "Binary",
        "documentState" : "COMPLETE"
      }
    }
  } ]
}