{
  "name" : "m_startRUN_insert_new_RUN_ID-1744719409297",
  "sourceOrgId" : "52hjULxN8oYch8ZJbZcZsS",
  "sourceOrgName" : "Enfint GmbH",
  "exportedObjects" : [ {
    "objectGuid" : "0vGWEDUKC99fsgVdjwdiQr",
    "objectName" : "ETL Framework",
    "objectType" : "Project",
    "path" : "/Explore",
    "metadata" : {
      "modelVersion" : {
        "major" : 0,
        "minor" : 0
      },
      "repoInfo" : null,
      "objectRefs" : [ ],
      "contextAttributes" : [ ],
      "additionalInfo" : {
        "description" : "",
        "contentType" : "Binary",
        "documentState" : "COMPLETE"
      }
    }
  }, {
    "objectGuid" : "6PVdmuxEuSSfi0FCb1CsS1",
    "objectName" : "m_startRUN_insert_new_RUN_ID",
    "objectType" : "DTEMPLATE",
    "path" : "/Explore/ETL Framework/SNE_Transfer_To_Datamarts_Layer_1",
    "metadata" : {
      "modelVersion" : {
        "major" : 0,
        "minor" : 0
      },
      "repoInfo" : {
        "repoHandle" : "011BPE1700000000001H"
      },
      "objectRefs" : [ "kD94VZkL9cnjxdpLhTZ6a3" ],
      "contextAttributes" : [ {
        "name" : "id",
        "value" : "@1"
      } ],
      "additionalInfo" : {
        "description" : "",
        "contentType" : "JSON",
        "documentState" : "VALID"
      }
    }
  }, {
    "objectGuid" : "kD94VZkL9cnjxdpLhTZ6a3",
    "objectName" : "conn_snow_dwh_infa_meta",
    "objectType" : "Connection",
    "path" : "/SYS",
    "metadata" : {
      "modelVersion" : {
        "major" : 0,
        "minor" : 0
      },
      "repoInfo" : {
        "repoHandle" : "011BPE0B00000000000B"
      },
      "objectRefs" : [ ],
      "contextAttributes" : null,
      "additionalInfo" : {
        "description" : null,
        "contentType" : "JSON",
        "documentState" : "COMPLETE"
      }
    }
  }, {
    "objectGuid" : "9dYYdixqvmjfmZe8jD12yh",
    "objectName" : "SNE_Transfer_To_Datamarts_Layer_1",
    "objectType" : "Folder",
    "path" : "/Explore/ETL Framework",
    "metadata" : {
      "modelVersion" : {
        "major" : 0,
        "minor" : 0
      },
      "repoInfo" : null,
      "objectRefs" : [ ],
      "contextAttributes" : [ ],
      "additionalInfo" : {
        "description" : "",
        "contentType" : "Binary",
        "documentState" : "COMPLETE"
      }
    }
  } ]
}