<aetgt:getResponse xmlns:aetgt="http://schemas.active-endpoints.com/appmodules/repository/2010/10/avrepository.xsd"
                   xmlns:types1="http://schemas.active-endpoints.com/appmodules/repository/2010/10/avrepository.xsd">
   <types1:Item>
      <types1:EntryId>xYi0Nmumf6S3wOL-gt-13785698-2023-06-06T17:48:28.38Z::tf.xml</types1:EntryId>
      <types1:Name>tf_Global_LOAD_Source1_to_Staging</types1:Name>
      <types1:MimeType>application/xml+taskflow</types1:MimeType>
      <types1:Description/>
      <types1:AppliesTo/>
      <types1:Tags/>
      <types1:VersionLabel>1.0</types1:VersionLabel>
      <types1:State>CURRENT</types1:State>
      <types1:ProcessGroup/>
      <types1:CreatedBy>asteinmark@enfint.tech</types1:CreatedBy>
      <types1:CreationDate>2023-06-06T17:48:28Z</types1:CreationDate>
      <types1:ModifiedBy>asteinmark@enfint.tech</types1:ModifiedBy>
      <types1:ModificationDate>2023-07-28T16:52:00Z</types1:ModificationDate>
      <types1:PublicationStatus>published</types1:PublicationStatus>
      <types1:PublishedBy>asteinmark@enfint.tech</types1:PublishedBy>
      <types1:PublicationDate>2023-07-28T18:10:29Z</types1:PublicationDate>
      <types1:PublishedContributionId>project:/tf.tf_Global_LOAD_Source1_to_Staging/tf_Global_LOAD_Source1_to_Staging.tf.xml</types1:PublishedContributionId>
      <types1:Entry>
         <taskflow xmlns="http://schemas.active-endpoints.com/appmodules/screenflow/2010/10/avosScreenflow.xsd"
                   xmlns:tfm="http://schemas.active-endpoints.com/appmodules/screenflow/2021/04/taskflowModel.xsd"
                   xmlns:list="urn:activevos:spi:list:functions"
                   displayName="tf_Global_LOAD_Source1_to_Staging"
                   name="tf_Global_LOAD_Source1_to_Staging"
                   overrideAPIName="false">
            <parameterSet xmlns="http://schemas.active-endpoints.com/appmodules/screenflow/2021/04/taskflowModel.xsd"/>
            <appliesTo/>
            <description/>
            <tags/>
            <generator>Informatica Process Designer 11</generator>
            <input>
               <parameter description="" name="RUN_ID" type="double">
                  <options>
                     <option name="required">false</option>
                  </options>
               </parameter>
               <parameter description="" name="OK_STATUS" type="string">
                  <options>
                     <option name="required">false</option>
                  </options>
               </parameter>
               <parameter description="" name="ENV" type="string">
                  <options>
                     <option name="required">false</option>
                  </options>
               </parameter>
               <parameter description="" name="ORG_ID" type="string">
                  <options>
                     <option name="required">false</option>
                  </options>
               </parameter>
               <parameter description="" name="ERROR_STATUS" type="string">
                  <options>
                     <option name="required">false</option>
                  </options>
               </parameter>
            </input>
            <tempFields>
               <field description=""
                      name="End process and Update RUN_ID status"
                      type="reference">
                  <options>
                     <option name="referenceTo">$po:mt-endRUN</option>
                  </options>
               </field>
               <field description="" name="Create load plan" type="reference">
                  <options>
                     <option name="referenceTo">$po:mt-set-Load-plan</option>
                  </options>
               </field>
               <field description="" name="StartRUN_Insert_In_CTL_RUNS" type="reference">
                  <options>
                     <option name="referenceTo">$po:mt-startRUN</option>
                  </options>
               </field>
               <field description="" name="Set CTL_ETL_PARAMS" type="reference">
                  <options>
                     <option name="referenceTo">$po:mt-setETL-PARAMS-for-Current-Run</option>
                     <option name="failOnNotRun">false</option>
                     <option name="failOnFault">false</option>
                  </options>
               </field>
               <field description=""
                      name="tf_load_Source1_to_Stage_part_1"
                      type="reference">
                  <options>
                     <option name="referenceTo">$po:InternalInfaSubTaskflowField</option>
                     <option name="failOnNotRun">false</option>
                     <option name="failOnFault">false</option>
                  </options>
               </field>
               <field description=""
                      name="tf_load_Source1_to_Stage_part_2"
                      type="reference">
                  <options>
                     <option name="referenceTo">$po:InternalInfaSubTaskflowField</option>
                     <option name="failOnNotRun">false</option>
                     <option name="failOnFault">false</option>
                  </options>
               </field>
               <field description=""
                      name="tf_load_Source1_to_Stage_Custom"
                      type="reference">
                  <options>
                     <option name="referenceTo">$po:InternalInfaSubTaskflowField</option>
                     <option name="failOnNotRun">false</option>
                     <option name="failOnFault">false</option>
                  </options>
               </field>
            </tempFields>
            <notes/>
            <deployment skipIfRunning="false" suspendOnFault="false" tracingLevel="verbose">
               <rest/>
            </deployment>
            <flow id="a">
               <start id="b">
                  <link id="jzwzcvsy" targetId="jzwzcvsx"/>
               </start>
               <assignment id="jzwzcvsx">
                  <title>Initialize taskflow parameters</title>
                  <operation source="formula" to="input.OK_STATUS">
                     <expression language="XQuery">'OK'</expression>
                  </operation>
                  <operation source="formula" to="input.RUN_ID">
                     <expression language="XQuery">-999</expression>
                  </operation>
                  <operation source="formula" to="input.ENV">
                     <expression language="XQuery">let $org_id := util:getOrganizationId()

let $env :=  if($org_id = 'tbd') then
                   "Prod"
                else if($org_id = '52hjULxN8oYch8ZJbZcZsS') then
                   "Dev"
                else
                   "" 
                   
return $env</expression>
                  </operation>
                  <operation source="constant" to="input.ORG_ID">util:getOrganizationId()</operation>
                  <operation source="constant" to="input.ERROR_STATUS">'ERROR'</operation>
                  <operation source="constant" to="temp.Create load plan[1]/inout[1]/io_ScenarioID">0</operation>
                  <link id="jzwzcvt3" targetId="jzwzcvt2"/>
               </assignment>
               <assignment id="jzwzcvt2">
                  <title>initialize RUN_ID as NULL</title>
                  <operation source="constant"
                             to="temp.StartRUN_Insert_In_CTL_RUNS[1]/inout[1]/io_getRunID"/>
                  <link id="k0dmg3z9" targetId="k0dmg3gs"/>
               </assignment>
               <assignment id="jzwzcvu4">
                  <title>Assign RUN_ID</title>
                  <operation source="formula" to="input.RUN_ID">
                     <expression language="XQuery">$temp.StartRUN_Insert_In_CTL_RUNS[1]/inout[1]/io_getRunID </expression>
                  </operation>
                  <link id="k0272kaq" targetId="k0272kdi"/>
               </assignment>
               <eventContainer id="k0dmg3gs">
                  <service id="k0dmg3g3">
                     <title>StartRUN_Insert_In_CTL_RUNS</title>
                     <serviceName>ICSExecuteDataTask</serviceName>
                     <serviceGUID/>
                     <serviceInput>
                        <parameter name="Wait for Task to Complete" source="constant" updatable="true">true</parameter>
                        <parameter name="Max Wait" source="constant" updatable="true">86400</parameter>
                        <parameter name="Task Name" source="constant" updatable="true">mt_startRUN</parameter>
                        <parameter name="GUID" source="constant" updatable="true">8M2Y3koF0WOkSpkQ5tt6kg</parameter>
                        <parameter name="Task Type" source="constant" updatable="true">MCT</parameter>
                        <parameter name="Has Inout Parameters" source="constant" updatable="true">true</parameter>
                        <parameter name="taskField" source="nested">
                           <operation source="field" to="mt-startRUN">temp.StartRUN_Insert_In_CTL_RUNS</operation>
                           <operation source="constant" to="mt-startRUN/inout[1]/io_getRunID"/>
                        </parameter>
                     </serviceInput>
                     <serviceOutput>
                        <operation source="field" to="temp.StartRUN_Insert_In_CTL_RUNS/output/Object_Name">Object Name</operation>
                        <operation source="field" to="temp.StartRUN_Insert_In_CTL_RUNS/output/Run_Id">Run Id</operation>
                        <operation source="field" to="temp.StartRUN_Insert_In_CTL_RUNS/output/Log_Id">Log Id</operation>
                        <operation source="field" to="temp.StartRUN_Insert_In_CTL_RUNS/output/Task_Status">Task Status</operation>
                        <operation source="field"
                                   to="temp.StartRUN_Insert_In_CTL_RUNS/output/Success_Source_Rows">Success Source Rows</operation>
                        <operation source="field"
                                   to="temp.StartRUN_Insert_In_CTL_RUNS/output/Failed_Source_Rows">Failed Source Rows</operation>
                        <operation source="field"
                                   to="temp.StartRUN_Insert_In_CTL_RUNS/output/Success_Target_Rows">Success Target Rows</operation>
                        <operation source="field"
                                   to="temp.StartRUN_Insert_In_CTL_RUNS/output/Failed_Target_Rows">Failed Target Rows</operation>
                        <operation source="field" to="temp.StartRUN_Insert_In_CTL_RUNS/output/Start_Time">Start Time</operation>
                        <operation source="field" to="temp.StartRUN_Insert_In_CTL_RUNS/output/End_Time">End Time</operation>
                        <operation source="field"
                                   to="temp.StartRUN_Insert_In_CTL_RUNS/output/Error_Message">Error Message</operation>
                        <operation source="field" to="temp.StartRUN_Insert_In_CTL_RUNS/inout/io_getRunID">io_getRunID</operation>
                     </serviceOutput>
                  </service>
                  <link id="k0dmg3ku" targetId="jzwzcvu4"/>
                  <events>
                     <catch faultField="temp.StartRUN_Insert_In_CTL_RUNS/fault"
                            id="k0dmg3gq"
                            interrupting="true"
                            name="error">
                        <suspend/>
                     </catch>
                     <catch faultField="temp.StartRUN_Insert_In_CTL_RUNS/fault"
                            id="k0dmg3gr"
                            interrupting="true"
                            name="warning"/>
                  </events>
               </eventContainer>
               <eventContainer id="k0272kdi">
                  <service id="k0272kap">
                     <title>Create load plan</title>
                     <serviceName>ICSExecuteDataTask</serviceName>
                     <serviceGUID/>
                     <serviceInput>
                        <parameter name="Wait for Task to Complete" source="constant" updatable="true">true</parameter>
                        <parameter name="Max Wait" source="constant" updatable="true">86400</parameter>
                        <parameter name="Task Name" source="constant" updatable="true">mt_set_Load_plan</parameter>
                        <parameter name="GUID" source="constant" updatable="true">5Uk8ZnbES8xbWkYq0ZBUge</parameter>
                        <parameter name="Task Type" source="constant" updatable="true">MCT</parameter>
                        <parameter name="Has Inout Parameters" source="constant" updatable="true">true</parameter>
                        <parameter name="taskField" source="nested">
                           <operation source="field" to="mt-set-Load-plan">temp.Create load plan</operation>
                           <operation source="constant" to="mt-set-Load-plan/inout[1]/io_RUN_ID">{$input.RUN_ID} </operation>
                           <operation source="formula" to="mt-set-Load-plan/inout[1]/io_ScenarioID">
                              <expression language="XQuery">1</expression>
                           </operation>
                        </parameter>
                     </serviceInput>
                     <serviceOutput>
                        <operation source="field" to="temp.Create load plan/output/Object_Name">Object Name</operation>
                        <operation source="field" to="temp.Create load plan/output/Run_Id">Run Id</operation>
                        <operation source="field" to="temp.Create load plan/output/Log_Id">Log Id</operation>
                        <operation source="field" to="temp.Create load plan/output/Task_Status">Task Status</operation>
                        <operation source="field" to="temp.Create load plan/output/Success_Source_Rows">Success Source Rows</operation>
                        <operation source="field" to="temp.Create load plan/output/Failed_Source_Rows">Failed Source Rows</operation>
                        <operation source="field" to="temp.Create load plan/output/Success_Target_Rows">Success Target Rows</operation>
                        <operation source="field" to="temp.Create load plan/output/Failed_Target_Rows">Failed Target Rows</operation>
                        <operation source="field" to="temp.Create load plan/output/Start_Time">Start Time</operation>
                        <operation source="field" to="temp.Create load plan/output/End_Time">End Time</operation>
                        <operation source="field" to="temp.Create load plan/output/Error_Message">Error Message</operation>
                        <operation source="field" to="temp.Create load plan/inout/io_RUN_ID">io_RUN_ID</operation>
                     </serviceOutput>
                  </service>
                  <link id="k0plibrm" targetId="k0plibsh"/>
                  <events>
                     <catch faultField="temp.Create load plan/fault"
                            id="k0272kdg"
                            interrupting="true"
                            name="error">
                        <suspend/>
                     </catch>
                     <catch faultField="temp.Create load plan/fault"
                            id="k0272kdh"
                            interrupting="true"
                            name="warning"/>
                  </events>
               </eventContainer>
               <eventContainer id="k0plibsh">
                  <service id="k0plibrl">
                     <title>Set CTL_ETL_PARAMS</title>
                     <serviceName>ICSExecuteDataTask</serviceName>
                     <serviceGUID/>
                     <serviceInput>
                        <parameter name="Wait for Task to Complete" source="constant" updatable="true">true</parameter>
                        <parameter name="Max Wait" source="constant" updatable="true">604800</parameter>
                        <parameter name="Task Name" source="constant" updatable="true">mt_setETL_PARAMS_for_Current_Run</parameter>
                        <parameter name="GUID" source="constant" updatable="true">8EB5275rrqviKzKAbL42uV</parameter>
                        <parameter name="Task Type" source="constant" updatable="true">MCT</parameter>
                        <parameter name="Has Inout Parameters" source="constant" updatable="true">true</parameter>
                        <parameter name="taskField" source="nested">
                           <operation source="field" to="mt-setETL-PARAMS--Speichern--Run">temp.Set CTL_ETL_PARAMS</operation>
                           <operation source="constant"
                                      to="mt-setETL-PARAMS-for-Current-Run/inout[1]/io_getRunID">{$input.RUN_ID}</operation>
                        </parameter>
                     </serviceInput>
                     <serviceOutput>
                        <operation source="field" to="temp.Set CTL_ETL_PARAMS/output/Object_Name">Object Name</operation>
                        <operation source="field" to="temp.Set CTL_ETL_PARAMS/output/Run_Id">Run Id</operation>
                        <operation source="field" to="temp.Set CTL_ETL_PARAMS/output/Log_Id">Log Id</operation>
                        <operation source="field" to="temp.Set CTL_ETL_PARAMS/output/Task_Id">Task Id</operation>
                        <operation source="field" to="temp.Set CTL_ETL_PARAMS/output/Task_Status">Task Status</operation>
                        <operation source="field" to="temp.Set CTL_ETL_PARAMS/output/Success_Source_Rows">Success Source Rows</operation>
                        <operation source="field" to="temp.Set CTL_ETL_PARAMS/output/Failed_Source_Rows">Failed Source Rows</operation>
                        <operation source="field" to="temp.Set CTL_ETL_PARAMS/output/Success_Target_Rows">Success Target Rows</operation>
                        <operation source="field" to="temp.Set CTL_ETL_PARAMS/output/Failed_Target_Rows">Failed Target Rows</operation>
                        <operation source="field" to="temp.Set CTL_ETL_PARAMS/output/Start_Time">Start Time</operation>
                        <operation source="field" to="temp.Set CTL_ETL_PARAMS/output/End_Time">End Time</operation>
                        <operation source="field" to="temp.Set CTL_ETL_PARAMS/output/Error_Message">Error Message</operation>
                        <operation source="field" to="temp.Set CTL_ETL_PARAMS/output/TotalTransErrors">Total Transformation Errors</operation>
                        <operation source="field" to="temp.Set CTL_ETL_PARAMS/output/FirstErrorCode">First Error Code</operation>
                        <operation source="field" to="temp.Set CTL_ETL_PARAMS/inout/io_getRunID">io_getRunID</operation>
                     </serviceOutput>
                  </service>
                  <link id="k0plibrn" targetId="jzxuyxdg"/>
                  <events>
                     <catch faultField="temp.Set CTL_ETL_PARAMS/fault"
                            id="k0plibsf"
                            interrupting="true"
                            name="error">
                        <suspend/>
                     </catch>
                     <catch faultField="temp.Set CTL_ETL_PARAMS/fault"
                            id="k0plibsg"
                            interrupting="true"
                            name="warning"/>
                  </events>
               </eventContainer>
               <eventContainer id="jzxuyxgk">
                  <service id="jzxuyxgl">
                     <title>End process and Update RUN_ID status</title>
                     <serviceName>ICSExecuteDataTask</serviceName>
                     <serviceGUID/>
                     <serviceInput>
                        <parameter name="Wait for Task to Complete" source="constant" updatable="true">true</parameter>
                        <parameter name="Max Wait" source="constant" updatable="true">86400</parameter>
                        <parameter name="Task Name" source="constant" updatable="true">mt_endRUN</parameter>
                        <parameter name="GUID" source="constant" updatable="true">0pxe4KhYP0qeBDILGvIVEK</parameter>
                        <parameter name="Task Type" source="constant" updatable="true">MCT</parameter>
                        <parameter name="Has Inout Parameters" source="constant" updatable="true">false</parameter>
                        <parameter name="taskField" source="nested">
                           <operation source="field" to="mt-endRUN">temp.End process and Update RUN_ID status</operation>
                           <operation source="constant" to="mt-endRUN/inout[1]/io_RUN_ID">{$input.RUN_ID}</operation>
                        </parameter>
                     </serviceInput>
                     <serviceOutput>
                        <operation source="field"
                                   to="temp.End process and Update RUN_ID status/output/Object_Name">Object Name</operation>
                        <operation source="field"
                                   to="temp.End process and Update RUN_ID status/output/Run_Id">Run Id</operation>
                        <operation source="field"
                                   to="temp.End process and Update RUN_ID status/output/Log_Id">Log Id</operation>
                        <operation source="field"
                                   to="temp.End process and Update RUN_ID status/output/Task_Id">Task Id</operation>
                        <operation source="field"
                                   to="temp.End process and Update RUN_ID status/output/Task_Status">Task Status</operation>
                        <operation source="field"
                                   to="temp.End process and Update RUN_ID status/output/Success_Source_Rows">Success Source Rows</operation>
                        <operation source="field"
                                   to="temp.End process and Update RUN_ID status/output/Failed_Source_Rows">Failed Source Rows</operation>
                        <operation source="field"
                                   to="temp.End process and Update RUN_ID status/output/Success_Target_Rows">Success Target Rows</operation>
                        <operation source="field"
                                   to="temp.End process and Update RUN_ID status/output/Failed_Target_Rows">Failed Target Rows</operation>
                        <operation source="field"
                                   to="temp.End process and Update RUN_ID status/output/Start_Time">Start Time</operation>
                        <operation source="field"
                                   to="temp.End process and Update RUN_ID status/output/End_Time">End Time</operation>
                        <operation source="field"
                                   to="temp.End process and Update RUN_ID status/output/Error_Message">Error Message</operation>
                        <operation source="field"
                                   to="temp.End process and Update RUN_ID status/output/TotalTransErrors">Total Transformation Errors</operation>
                        <operation source="field"
                                   to="temp.End process and Update RUN_ID status/output/FirstErrorCode">First Error Code</operation>
                        <operation source="field"
                                   to="temp.End process and Update RUN_ID status/inout/io_RUN_ID">io_RUN_ID</operation>
                     </serviceOutput>
                  </service>
                  <link id="k1gn2o6n" targetId="c"/>
                  <events>
                     <catch faultField="temp.End process and Update RUN_ID status/fault"
                            id="jzxusygz"
                            interrupting="true"
                            name="error">
                        <suspend/>
                     </catch>
                     <catch faultField="temp.End process and Update RUN_ID status/fault"
                            id="jzxusyh0"
                            interrupting="true"
                            name="warning"/>
                  </events>
               </eventContainer>
               <container id="jzxuyxdg" type="parallel">
                  <title>Parallel Paths 1</title>
                  <flow id="jzxuyxdk">
                     <subflow id="k1dm5r7n">
                        <title>tf_load_Source1_to_Stage_part_1</title>
                        <subflowGUID>74IqZ9bpUNAiP6fg0P6N6O</subflowGUID>
                        <subflowPath>tf_load_Source1_to_Stage_part_1</subflowPath>
                        <runForEach>false</runForEach>
                        <input>
                           <parameter name="RUN_ID" source="field" updatable="true">input.RUN_ID</parameter>
                        </input>
                        <outputDef/>
                     </subflow>
                     <link id="jzxuyxdl" targetId="jzxuyxdg" type="containerLink"/>
                  </flow>
                  <flow id="jzxuyxdn">
                     <wait id="k03jj311">
                        <title>Wait  10sec</title>
                        <duration source="formula">
                           <function name="duration_expression">
                              <arg name="value">10</arg>
                              <arg name="scale">S</arg>
                              <arg name="businessDays"/>
                           </function>
                        </duration>
                        <link id="k1fc51dq" targetId="k1fc51dp"/>
                     </wait>
                     <subflow id="k1fc51dp">
                        <title>tf_load_Source1_to_Stage_part_2</title>
                        <subflowGUID>a2ETqpEB1LIcHwMGEQEw8X</subflowGUID>
                        <subflowPath>tf_load_Source1_to_Stage_part_2</subflowPath>
                        <runForEach>false</runForEach>
                        <input>
                           <parameter name="RUN_ID" source="field" updatable="true">input.RUN_ID</parameter>
                        </input>
                        <outputDef/>
                     </subflow>
                     <link id="jzxuyxdo" targetId="jzxuyxdg" type="containerLink"/>
                  </flow>
                  <flow id="k1c90ha4">
                     <wait id="k1dm5rf6">
                        <title>Wait 5sec</title>
                        <duration source="formula">
                           <function name="duration_expression">
                              <arg name="value">5</arg>
                              <arg name="scale">S</arg>
                              <arg name="businessDays"/>
                           </function>
                        </duration>
                        <link id="k1fc51f1" targetId="k1fc51f0"/>
                     </wait>
                     <subflow id="k1fc51f0">
                        <title>tf_load_Source1_to_Stage_Custom</title>
                        <subflowGUID>9Hq3krJiFgihW7LODN8hae</subflowGUID>
                        <subflowPath>tf_load_Source1_to_Stage_Custom</subflowPath>
                        <runForEach>false</runForEach>
                        <input>
                           <parameter name="RUN_ID" source="field" updatable="true">input.RUN_ID</parameter>
                        </input>
                        <outputDef/>
                     </subflow>
                     <link id="k1c90ha5" targetId="jzxuyxdg" type="containerLink"/>
                  </flow>
                  <link id="jzxuyxdj" targetId="jzxuyxdk" type="containerLink"/>
                  <link id="jzxuyxdm" targetId="jzxuyxdn" type="containerLink"/>
                  <link id="k1c90ha3" targetId="k1c90ha4" type="containerLink"/>
                  <link id="jzxuyxgm" targetId="jzxuyxgk"/>
               </container>
               <end id="c"/>
            </flow>
            <dependencies>
               <processObject xmlns="http://schemas.active-endpoints.com/appmodules/screenflow/2011/06/avosHostEnvironment.xsd"
                              displayName="mt-endRUN"
                              isByCopy="true"
                              name="mt-endRUN">
                  <description/>
                  <tags/>
                  <detail>
                     <field label="InOut Parameters"
                            name="inout"
                            nullable="true"
                            required="false"
                            type="reference"/>
                     <field label="TaskProperties Parameters"
                            name="taskProperties"
                            nullable="true"
                            required="false"
                            type="reference"/>
                     <field label="Output Parameters"
                            name="output"
                            nullable="true"
                            required="false"
                            type="reference"/>
                     <field label="Fault"
                            name="fault"
                            nullable="true"
                            required="false"
                            type="reference"/>
                     <field label="Max Wait (Seconds)"
                            name="Max_Wait"
                            nullable="true"
                            required="false"
                            type="int"/>
                  </detail>
               </processObject>
               <processObject xmlns="http://schemas.active-endpoints.com/appmodules/screenflow/2011/06/avosHostEnvironment.xsd"
                              displayName="mt-set-Load-plan"
                              isByCopy="true"
                              name="mt-set-Load-plan">
                  <description/>
                  <tags/>
                  <detail>
                     <field label="InOut Parameters"
                            name="inout"
                            nullable="true"
                            required="false"
                            type="reference"/>
                     <field label="TaskProperties Parameters"
                            name="taskProperties"
                            nullable="true"
                            required="false"
                            type="reference"/>
                     <field label="Output Parameters"
                            name="output"
                            nullable="true"
                            required="false"
                            type="reference"/>
                     <field label="Fault"
                            name="fault"
                            nullable="true"
                            required="false"
                            type="reference"/>
                     <field label="Max Wait (Seconds)"
                            name="Max_Wait"
                            nullable="true"
                            required="false"
                            type="int"/>
                  </detail>
               </processObject>
               <processObject xmlns="http://schemas.active-endpoints.com/appmodules/screenflow/2011/06/avosHostEnvironment.xsd"
                              displayName="mt-startRUN"
                              isByCopy="true"
                              name="mt-startRUN">
                  <description/>
                  <tags/>
                  <detail>
                     <field label="InOut Parameters"
                            name="inout"
                            nullable="true"
                            required="false"
                            type="reference"/>
                     <field label="TaskProperties Parameters"
                            name="taskProperties"
                            nullable="true"
                            required="false"
                            type="reference"/>
                     <field label="Output Parameters"
                            name="output"
                            nullable="true"
                            required="false"
                            type="reference"/>
                     <field label="Fault"
                            name="fault"
                            nullable="true"
                            required="false"
                            type="reference"/>
                     <field label="Max Wait (Seconds)"
                            name="Max_Wait"
                            nullable="true"
                            required="false"
                            type="int"/>
                  </detail>
               </processObject>
               <processObject xmlns="http://schemas.active-endpoints.com/appmodules/screenflow/2011/06/avosHostEnvironment.xsd"
                              displayName="mt-setETL-PARAMS-for-Current-Run"
                              isByCopy="true"
                              name="mt-setETL-PARAMS-for-Current-Run">
                  <description/>
                  <tags/>
                  <detail>
                     <field label="InOut Parameters"
                            name="inout"
                            nullable="true"
                            required="false"
                            type="reference"/>
                     <field label="TaskProperties Parameters"
                            name="taskProperties"
                            nullable="true"
                            required="false"
                            type="reference"/>
                     <field label="Output Parameters"
                            name="output"
                            nullable="true"
                            required="false"
                            type="reference"/>
                     <field label="Fault"
                            name="fault"
                            nullable="true"
                            required="false"
                            type="reference"/>
                     <field label="Max Wait (Seconds)"
                            name="Max_Wait"
                            nullable="true"
                            required="false"
                            type="int"/>
                  </detail>
               </processObject>
            </dependencies>
         </taskflow>
      </types1:Entry>
      <types1:GUID>7hdKfpw5akZg4RhwxtJUaw</types1:GUID>
      <types1:DisplayName>tf_Global_LOAD_Source1_to_Staging</types1:DisplayName>
   </types1:Item>
   <types1:CurrentServerDateTime>2025-04-15T09:20:46.075Z</types1:CurrentServerDateTime>
</aetgt:getResponse>
